file,radius,angle,centre_diff,centre_diff_x,centre_diff_y,centre_diff_z,x_normal_device,y_normal_device,z_normal_device,x_normal_object,y_normal_object,z_normal_object
C12All.csv,0.027334801521084383,179.09218577874194,0.11155372059924468,-0.013138336795145554,0.11048926427176764,-0.007983681260869568,0.005274278260305084,0.9999856665586283,0.0009212307681504031,0.0017734012552878611,-0.9999103903366485,0.013268999389523025
C8All.csv,0.031461854594072795,177.6397092737875,0.11052541571618381,-0.01401407701499606,0.1094480359711072,0.0063718589689536476,0.007454685384817621,0.9999704384186324,0.001884132336458936,0.03249386666794059,-0.9994387372695066,0.008146107911165587
C4All.csv,0.028043377841631155,1.5779260632376833,0.12879126126136045,0.004310488738995172,0.12859551238967293,0.00563940221658954,0.00436636251962416,0.9999853322180271,0.0032047195117466476,0.004199024395587125,0.9996951053182794,-0.02433237754104011
C10All.csv,0.029119222147035915,2.081423313609851,0.11228878887562196,-0.0002383819484083824,0.11221432120311214,-0.004081837591753623,0.008562879409828455,0.9999627835350254,0.0010529202707255996,-0.021964627623824572,0.9995851212213334,-0.018631708624786587
C6All.csv,0.029715390986624225,177.95596000178998,0.11367915341454345,-0.002450813755900935,0.11364683296552314,0.0011579248195270342,0.003603361246177032,0.99997841091345,0.005494860757281841,0.025753944004277916,-0.9995592317682739,0.014767415313545395
C2All.csv,0.027073922834007724,4.157754118798551,0.14772573513535966,0.0808753145037196,0.12338368130194088,0.007651373313854237,0.011174147092251374,0.9999258971813686,0.004831002255781291,-0.061350828366222146,0.9981074581697886,0.004192589250359377
C14All.csv,0.029438823484255146,177.45752629638778,0.10889115716658677,-0.012900839080528588,0.10810306300341543,-0.0021401470454622817,0.006027244900443513,0.9999746515378035,0.0037905937212306855,0.024820471842296236,-0.999297040853596,0.028095699293173966
C9All.csv,0.03053229640436531,0.6758904166579665,0.11267894912547127,-0.0077419104737390665,0.1124122030626058,0.00032403834438554657,0.003473181004340734,0.9999850879245562,0.004214373290054597,-0.0028625210047499077,0.9999794504782259,-0.005736252676032788
C5All.csv,0.019691512679636484,1.3351916160102417,0.11432655720616354,4.486890267875465e-05,0.11357579065798395,-0.013080498683519681,0.005940209033589095,0.9999756833108547,0.0036533140607188964,0.005046761379789174,0.9997945400110595,-0.019631809994225032
C13All.csv,0.02728195178301,177.75035804689466,0.1119617893555262,-0.0013953146940698241,0.11169456097680364,-0.0076039740132924916,-0.004248166866258602,-0.9999873880599564,-0.002678954890138506,-0.025992861583627326,0.9994121901072487,-0.022352749533964447
C7All.csv,0.03135416517594473,178.9085011975682,0.10858822291377464,-0.006841199118013404,0.10833807896661596,0.0027314457751509424,0.004180837944194424,0.999987913139901,0.0025873090634775556,0.0053536398816901995,-0.9998889933774414,0.013904656150532192
C11All.csv,0.027954479539551932,1.43095706574495,0.11493098047410777,-0.016188357157043323,0.1137763146983779,-0.0014204150630792167,0.004833482504842742,0.9999864143484762,0.0019515545990842012,-0.019039819143220563,0.9998042533346432,-0.005379619033885877
C15All.csv,0.027529590754341828,178.8108028348774,0.10714890750472426,-0.010889195500003626,0.10640444582891995,-0.006356705802465279,0.003616708412515183,0.9999861160073064,0.003832389969786023,0.0030171667869054843,-0.9998700890775705,0.015833561588944427
C3All.csv,0.028747078485953866,2.9320555383956455,0.13787081202269105,0.0474561298397322,0.12904023278907828,0.010241819670897101,0.004860234574211306,0.9999716417364553,0.00575272481367245,-0.0013017586393906937,0.9989846184341078,-0.04503373798058732
C1All.csv,0.02880134238881218,4.491973857576318,0.12106957651518985,0.002831148799523342,0.11937663953237787,0.019976107929200904,0.008394848733377171,0.9999520140993159,0.005049357727953066,-0.05872373528095043,0.9976477249098576,-0.03536297352935468
K11All.csv,0.043891867832909846,1.8460731281013747,0.045609323982820006,-0.029812040083478375,0.03447807688462112,0.001647699781232581,0.002482712253493134,0.9999917493252498,0.003215186043253258,0.0346674966077339,0.9993971651206106,0.0018630694674450377
K6All.csv,0.043971903078913285,1.1020004310496736,0.05336479298083121,-0.04087411521895354,0.03428510314534505,0.0012804441681438794,0.005607657801247049,0.9999837061228015,0.0010684862612610256,0.015353094297058601,0.9997263792064066,0.01764792379729129
K4All.csv,0.039328531193501,178.469103487155,0.03341667779932427,0.002443485547908575,0.033279966848453135,-0.0017741307975664977,0.005827629307369906,0.9999819319469597,0.0014746241156835362,0.01723537542256994,-0.9997395051066071,-0.014962077504108892
K8All.csv,0.03510972892487849,2.718043083872427,0.04552408533799279,0.02037947666177861,0.03559587387729546,-0.01974976049891608,0.001885851801662397,0.9999981776100881,0.00029721958997670187,-0.025614690956199945,0.9989135459766112,0.038930903812406076
K13All.csv,0.04795626202830698,2.794330791823018,0.052702327408213755,-0.025688152484369564,0.04114636997451737,-0.02060656143325401,0.005257521381505955,0.9999726510241382,0.00520150677009562,0.04494998005703507,0.9984277524742508,0.033489138270307625
K15All.csv,0.031714518170049,178.46528840923546,0.04293105698529853,-0.008731045254141756,0.03633134440105179,-0.021139487142720403,0.005672612396694223,0.9999820947004171,0.0019057143445955884,-0.011954618471326981,-0.9995381205275631,-0.027939805107274274
K2All.csv,0.026744077016974604,1.2302716380229177,0.03426882080704447,-0.0033256691513977588,0.0309159319894603,-0.014404761484447803,0.005447841765598498,0.9999823502408843,0.002370701755841496,0.02315235051942437,0.9996265831296558,0.014514233219653824
K7All.csv,0.04232023320809027,178.55451985539256,0.04185411458179389,-0.018136984467502004,0.03687878824573132,-0.007922858030914859,0.004846084478254983,0.9999881065936604,0.0005496694060052796,-0.004237959251661391,-0.9996589691133901,-0.02576790974324044
K10All.csv,0.024454524594617482,1.8710510902979678,0.039307015070923046,-0.016666601189144314,0.032355551055364584,-0.014845341171272564,0.004380688382810964,0.9999823881451861,0.004004118972090233,-0.019059137176440442,0.9994608907516652,0.02673344624207138
K12All.csv,0.03649731981787842,2.2608735330860434,0.05068113279740012,-0.033099958687203085,0.03703873765992749,-0.01005494252058281,0.004333844376248508,0.9999877492326862,0.002391480183908388,0.016021486292645742,0.9990685536705235,0.040066657505510986
K5All.csv,0.024343368232376355,0.47966821741260834,0.0386177594785608,0.003950512561996966,0.0383684885605966,-0.001893114686658981,0.006867252796009566,0.9999654619369239,0.004681428447521225,-0.0011157280511944142,0.9999970447160602,0.0021600254768707992
K9All.csv,0.04083194265975833,1.244676159596305,0.044147266481713875,-0.022374252761549612,0.03620004256088172,-0.011744397377477456,0.005419959521970764,0.9999780958841161,0.0037989196829174335,0.01847750672558552,0.9996054286396368,0.02115582140625979
K1All.csv,0.03135526139685168,178.55780884670227,0.053002957733020675,0.0011006509599476022,0.03951625022637484,-0.03530677079483868,0.00566747954193816,0.9999646363112615,0.006213356784212203,-0.014493875532511979,-0.999451395652641,-0.029779780053513512
K3All.csv,0.03486994031398548,178.68185695813457,0.033813214645957816,0.0018316110797799157,0.031939126976830545,-0.01094855485915558,0.007134554660101918,0.9999631728551763,0.00476980746060228,0.014649155424905122,-0.9998186828666467,-0.012165674504158603
K14All.csv,0.025580791955841183,1.2913337863770948,0.04060841414937158,0.002326023659880605,0.03845566283752544,-0.012837246955134995,0.0041584344832899175,0.9999860085481962,0.003269576500945907,-0.016280373080260358,0.9997859837853853,0.012764641736274725
M15All.csv,0.03508654106482793,2.322436668589087,0.13510817415610554,-0.01312167084831295,0.13331542851452904,0.01757944816917112,0.005007354325165712,0.9999849860832101,0.0022257607295172624,0.0039000020432143727,0.9990789635760958,0.042731891179497675
M9All.csv,0.022145261841370643,176.5373567869624,0.1338910512983878,-0.017495693973385157,0.13253294203419785,0.007465493013667945,0.006125891996711084,0.9999810952333846,0.0005316230667055813,0.04431146094108451,-0.9984467583643245,-0.03377225401182085
M5All.csv,0.029092349331751456,1.7488360754755974,0.13487740090073314,-0.004109578014698634,0.134011395692043,0.014695933687550067,0.006371701022581057,0.9999751110278058,0.003029645359970575,-0.01415924121203082,0.9995717169851227,0.025610515256699787
M7All.csv,0.037810616690651104,0.20927641046655215,0.1372960352402622,-0.006513962538228418,0.13514108519265267,0.023337880745647688,0.005710735309920782,0.999977984445511,0.003379071841917448,0.0030109451582372247,0.9999784186250894,0.005839220266436932
M3All.csv,0.0361425780272346,1.5357387224821955,0.136224866177034,-0.008228809232027429,0.13497465729698277,0.016472484667947818,0.006779101170088358,0.9999589425847962,0.006013063447409614,-0.016565965322395567,0.9998371767585972,-0.007154632368921002
M13All.csv,0.02257786314798059,0.7065922496088277,0.13276050877907383,-0.0053865913725486825,0.13189222059354178,0.014169667306194622,0.0052521113536052625,0.9999706982126436,0.005569384386771004,-0.006982531407793993,0.9999502877105741,0.007118030814685237
M11All.csv,0.03145737540415587,1.1081891107920412,0.13302108018189615,-0.01597651176050019,0.1318344370958302,0.0076837517106314035,0.0026669317309212636,0.9999793739558973,0.005842870691171414,-0.009598213169332693,0.9997376690172113,0.020795851797630056
M1All.csv,0.03308614859415407,177.55274779817677,0.13676290249297648,-0.0155574355467257,0.13557606423118873,-0.009010466419306917,0.008181234365210144,0.9999403518745047,0.0072360277330778665,0.015908193335911473,-0.9994805350555905,0.02802836830387955
M8All.csv,0.03687713375491772,179.22030621301326,0.1367504775922465,0.004916397017608376,0.13650447490339368,0.0065612874820063505,0.00520551937133059,0.9999745511581292,0.004878483798530455,-0.015228442006216812,-0.9998746847727136,0.004325425381319956
M4All.csv,0.03791315673445669,177.8325722305962,0.13831287497686992,-0.00760613287378778,0.13626884053378396,0.022436604615041378,0.004451009514158407,0.9999809078608883,0.004286307037357563,0.02166109596357344,-0.9992644305397594,-0.031644822320674545
M14All.csv,0.027149932855482384,178.90992201412192,0.13707235381176114,-0.008219444307418416,0.1360099709573952,0.014918401889692845,0.004751741224137653,0.9999839633642705,0.0030812285899236395,0.012639069478715365,-0.9998618518609947,-0.010794957888523384
M6All.csv,0.02816971345645978,178.20753558816867,0.13245684956759612,0.006548713380834542,0.1321059042725239,0.00706833833140641,0.0015905353955292312,0.9999831163160681,0.005589032113039587,-0.03134661372098034,-0.9995003549575956,0.004053424215194706
M12All.csv,0.030335022031494543,2.1270783874826376,0.13295946972147943,-0.010075329519137394,0.13162959681771702,0.01582269146836468,0.0057900407480680725,0.9999667435675152,0.0057434473198318325,-0.0313225787172529,0.9994885280154799,0.006448133679630229
M2All.csv,0.03168869789038114,177.41903296909783,0.13301356535966583,-0.0005893565450099947,0.13165639378110283,0.018943473945085443,0.006668775578625712,0.9999645557007478,0.005139530570867457,0.013098814671809136,-0.9988739889765457,-0.045597973642232746
M10All.csv,0.03687618795045493,1.7838879694974998,0.1311273846964683,0.007071816619967641,0.13092729681906423,0.0015567192045445877,0.0044813632176014286,0.9999684256489406,0.006562399629045859,0.0305035676686026,0.9994792678021817,-0.01052262291929043
S1All.csv,0.042752482159247186,1.5512706563679608,0.033625482985655826,0.005763582722271954,0.03262798339256179,-0.005733142241116082,-0.006834701280782068,0.9999754649667759,-0.0015350318834320906,-0.014082088108012019,0.9995193839987191,-0.02761694779189722
S3All.csv,0.0493898660939177,0.9193851075831869,0.032994004296342284,0.014633948081870574,0.02927439189508707,-0.00417873930953222,-0.005540793526416491,0.9999822135841584,-0.0022072884778601143,0.009893448443783119,0.9999293046966529,-0.006595853755051657
S15All.csv,0.04900699337000268,0.6695444134866637,0.03427585553265563,0.01759141225421257,0.029397177980523992,0.0010873886973914032,-0.007138724042982977,0.9999723789261308,-0.002068817017431758,0.004253087888113754,0.9999800368703572,-0.004673018743182727
S11All.csv,0.050115638226419186,0.8816349317089506,0.030568906910673165,0.013081818652369237,0.027597289542699466,0.0013090837850712606,-0.0059280206612608195,0.9999804647584194,-0.00198208793338624,0.0037585075435461104,0.9998958041206104,-0.013937522127102113
S7All.csv,0.05173974739248125,0.7816764634057961,0.03498885676025334,0.017854812645322182,0.029857208073539532,0.003738032750436396,-0.005156768472647985,0.9999855785026405,-0.0015001752092820891,0.006636587782996046,0.9999430426347177,-0.008358659523039616
S13All.csv,0.04825003689239221,0.49695499670958077,0.03573242813065069,0.020660092955540388,0.02692126818499485,0.011189830136875675,-0.005242404392822843,0.9999856616018324,-0.0010926055685763025,-0.002762536237617132,0.999951966007739,-0.009403939110450916
S5All.csv,0.04932967371252354,0.6347337239584487,0.028626726095801316,0.005487465266382552,0.02740741686599857,-0.006181478192767043,-0.0031959121979616926,0.9999939116060484,-0.0014010339244070911,-0.013046059306398445,0.9998939670906979,-0.006469537247811923
S9All.csv,0.049058944785715555,0.4238556623380168,0.031585825224936005,0.01654324703904897,0.026720578330223566,-0.0031616492916811956,-0.004654211988306273,0.9999891557279517,-0.00016351533848564298,-0.00028560800736550265,0.9999811491808852,-0.006133490926299782
S14All.csv,0.048514140630919585,0.9453819266553075,0.03248117747629878,0.014309215603604653,0.028578388315353198,0.00579214643748413,-0.007811025607027749,0.9999692983121563,-0.0006247495983755893,0.0017950623230293943,0.9998998261825031,-0.014039777471761085
S2All.csv,0.04867050655969696,1.23124063894943,0.031095595945985623,0.008869508755479982,0.029732885564873746,0.002055095535147697,-0.006807053774305463,0.9999763442053091,-0.0009874455422715625,-0.0004927569855680113,0.9997681557628284,-0.02152653973927441
S6All.csv,0.050222042069257324,1.2316460204796074,0.03401754557128272,0.014310669038960722,0.03085112247311428,0.0007787172147388222,-0.002419396368000041,0.9999969738143166,0.00044596347695266845,-0.01907219474880993,0.9997317078098757,-0.013143963900306973
S10All.csv,0.04913104585729577,0.6815518264100427,0.028865616921236834,0.009118857135471115,0.027185001449995916,-0.003323549450539559,-0.004095546145880287,0.9999909748046961,-0.0011299605838094497,-0.006759026808922635,0.9998962175640614,-0.012722800701057331
S4All.csv,0.05032224075664393,0.5710349258048044,0.030906423233773454,0.014065432029452873,0.027481681998347662,-0.0014586889564491834,-0.004373648233351468,0.9999851714296007,-0.0032447067730842225,-0.014339465348507692,0.9998920939138778,-0.003190652290594346
S8All.csv,0.049113970872014606,0.9891065999152525,0.0314175490005885,0.016940809871920703,0.026334145651677465,0.002565953796164311,-0.002900894724299272,0.9999955855058564,-0.0006432562458812953,0.0018141691960874948,0.9998495761436185,-0.017249170285984414
S12All.csv,0.048935574536013694,0.8591538585595536,0.031075931379876423,0.007797399033000918,0.029807591064292316,-0.004052356646553401,-0.0044020384919685185,0.9999895161826348,-0.0012607862368143017,-0.00308789570813888,0.9998640439288226,-0.01619748617521962
F1All.csv,0.023733926444180892,1.5819082153628248,0.09043103207052951,0.014715116712446963,0.08899941953871293,0.006351395378368707,-0.0009456971969744356,0.9999663743506093,-0.008145908476608931,-0.018976606277557817,0.9997384969959597,0.012760330655825934
F3All.csv,0.037512874455569965,1.6976159997573514,0.09032121157055506,-0.011424709875085703,0.08575346496760816,-0.025956511897639256,0.008815126329384151,0.9999203239500466,-0.009035446830719267,0.030299434527997608,0.9991077719825707,-0.029421152786861058
F2All.csv,0.02459365144802672,4.9159375132468455,0.08836120972982241,-0.014008812600154463,0.08698858287302058,0.006666558647086651,0.0010563034671352918,0.9999560602069335,-0.009314605649901544,0.027729762609249108,0.9970080844593681,0.07215219877658618
F4All.csv,0.02991178941937302,2.2402767713872276,0.09570130648923433,-0.007825926117075388,0.09286737705262293,-0.021751901607041324,0.0066027448463474425,0.9999526275651,-0.007151670164801782,-0.0018093437364358252,0.9995168816984571,0.031027882219643352
F15All.csv,0.03328418736320413,2.999828341231725,0.09292665463356922,0.005137834645545042,0.08920357730989759,-0.02552817250918704,-0.0003646968291590039,0.9999675637143978,0.008046024814491775,-0.03138964252171276,0.9989250810903516,-0.03410824989637411
F13All.csv,0.06184104914547256,176.84050716449124,0.09759782482622782,0.039949277008824474,0.08573128262208551,0.024073592529063048,-0.016410627643969767,0.9998617349459237,0.0026837084898526055,-0.03518242853418804,-0.9991361340428712,-0.022117467583379073
F7All.csv,0.07582443978197116,1.4532368948946457,0.09305370427815585,-0.029453991460394235,0.08780881348765646,-0.00900369595374384,0.009475484173040283,0.9999383148557005,-0.005794970511423118,-0.013513673078204072,0.9998965880663755,0.004918720682955308
F9All.csv,0.07220477589623141,0.9253646564796102,0.08865210871218404,-0.006014059057973031,0.08664952280636884,-0.017745074533308536,0.0074474722113630175,0.9999431034857086,-0.0076370772570864545,-0.004495844010848396,0.9999846622193501,0.003234611674038569
F5All.csv,0.07282013547934156,0.50592459657771,0.08855967345725223,-0.0056225207606665495,0.08837976494667643,0.0004692239563823808,0.007727889912399736,0.9999494828814265,-0.006427394703099299,0.002533073637261481,0.9999965377926683,0.0007126995326484454
F11All.csv,0.0337505445879043,2.8223700916355297,0.09706593049466433,0.014640896341986787,0.0959538018686612,-0.0005540072634135917,-0.006421290112588855,0.9999010660436684,0.012514997324224623,0.009084851912690862,0.999372613283845,-0.03423222581051856
F14All.csv,0.05756649956394174,2.2446492087796615,0.1033141159933107,0.04718330328208439,0.08929530551667964,0.021769034603145387,-0.0035241948818466318,0.9999913935473328,0.002189265104452246,0.033061334594443194,0.9993223979279322,0.016176932787188528
F12All.csv,0.05660560838938789,3.2024059877070905,0.11124615749400683,0.0558147581969988,0.09581500766636353,0.008938939002288038,-0.006660982957393362,0.9998966601336203,0.012739715839563182,0.03986892269929343,0.9990391151928909,-0.018202069041826138
F8All.csv,0.05485453510547875,4.106318359411703,0.09047450926438524,0.010660863317565383,0.08485042653103925,-0.02953621400004125,0.00888298007685652,0.9999526791029367,-0.003966386241125309,0.0802778149628516,0.9967307588272595,-0.00912506616007264
F6All.csv,0.08694745662297333,1.7513161858991204,0.07743294467923845,-0.012437625131485774,0.07394170037733416,0.019333684286632402,0.0037843930458306154,0.9999925981562562,0.0006942636210042252,-0.026592667747480137,0.999642780631803,-0.0026722935448969583
F10All.csv,0.02603410142771919,179.53858945408967,0.07811263623542583,0.007036499241634048,0.07557606364456015,0.01844804114435561,-0.007199647965082988,0.9999738550302096,-0.0006740364975540798,0.013592163787225523,-0.9998987038001903,-0.004223176799652513
R3All.csv,0.02736861038717488,176.4581464009427,0.06464800958929254,-0.015194049163096801,0.06145262353078529,0.013117967642521156,0.005865803296473623,0.9999827754945938,-0.00020264702539195918,0.03335096346305691,-0.9983123967052224,-0.047540212670544105
R1All.csv,0.01417261078778529,4.8382373805751895,0.06649850784685929,-0.014690883363909418,0.06442650208315293,0.007446832962831107,0.006291192199474345,0.9999797273899741,0.000982705338076909,-0.04363648338623026,0.9966637440145958,0.06897273870516894
R15All.csv,0.007239135207924186,5.505783274484545,0.06748850157750527,-0.013399154674617025,0.06612806231851631,0.0014966205868701676,0.007872318558868326,0.9999689600628663,-0.00032482502599184794,-0.08253829788600243,0.9960775632469822,0.031889142008466036
R11All.csv,0.022095311625244335,10.250861195690566,0.07057532178135448,-0.033125616428761384,0.06228011973442227,0.0021808866596702003,0.005495628556291632,0.999978689442644,0.0035240214730805934,-0.1386439157979919,0.9844404935019504,0.10795730343907489
R5All.csv,0.017138680568566062,8.775576034031179,0.07051401096408255,-0.03224324692973107,0.06216883920973104,0.008224001519075097,0.008163646581639894,0.9999666211235386,0.00033393601698536446,-0.09803009114244962,0.989090084828595,0.10995865279442767
R9All.csv,0.023402407194890885,10.748215426217445,0.06764555244651599,-0.033723647374535926,0.057996237182573074,0.008664458795275665,0.00638118054387633,0.9999787855139926,0.0013073090021892167,-0.1563760317147907,0.9833539686549247,0.09252842285343518
R13All.csv,0.009164367789020635,7.037080152934035,0.06846135139355301,-0.017247745149850335,0.06602990047835844,0.0054336143307597284,0.005928595998971633,0.9999823198658118,0.0004601144095387902,-0.049460610712585465,0.9927273574402118,0.10975446131120252
R7All.csv,0.017428656143077734,10.32132550240553,0.06652313191272784,-0.02556394855373792,0.06068456897265406,0.0094442947022646,0.007144090215659352,0.9999727753524716,0.0018467617240809854,-0.10362216672788108,0.9843219088855698,0.14273340972066478
R2All.csv,0.014745008619946388,4.855985319193489,0.07249973973875884,-0.023373065535816667,0.06739484084370995,0.01295559714166783,0.009518950287996101,0.9999518449362075,-0.002386921466961186,0.015300994504590354,0.9965088588660433,0.0820729783099641
R14All.csv,0.009825212426932097,6.3175252432947815,0.07315123491253951,-0.026962103744769872,0.06787094540281391,-0.004205104162093853,0.007799950171786786,0.999969095614694,0.0009841711484328995,-0.10131720511241293,0.9947330788476436,0.015521784513950747
R4All.csv,0.02185925646778383,169.56234394609587,0.0634907870178044,-0.025813297375918892,0.05737871164427544,0.00851100257112336,0.00385240129085394,0.9999925359141522,-0.00029516144374736985,0.16318817610394792,-0.9841092872414958,-0.06998949881876156
R8All.csv,0.020975440981077734,11.080279808732199,0.06494001672331982,-0.026236267949620057,0.05816500418787962,0.012070472398574283,0.007397838286894421,0.9999704115318249,-0.0021090399599907393,-0.1691154642629696,0.9827956280453876,0.07424764805697166
R10All.csv,0.021283591586898964,8.173550903333718,0.07059938927655258,-0.03375680758020175,0.061538365392653116,0.007601400727218377,0.006646167535264661,0.9999779116684586,6.806086980592325e-05,-0.12139514670406475,0.9906664416660138,0.06199370704754227
R6All.csv,0.026333518530623674,4.200859529020588,0.0646152350219608,-0.023556588490181662,0.06015519286079041,0.001252400706077128,0.005327433801634386,0.999985479541216,0.0008118841133752921,-0.06760286319226164,0.9976930484470903,-0.006199513574556368
R12All.csv,0.012644313044933148,5.30688132153607,0.07148913227279602,-0.029334699861597868,0.06514343839327652,0.002550264976170613,0.0058380472252841245,0.9999806394268783,0.0021535960639637404,-0.0547824103115134,0.9958975988999089,0.07201985855205055
Drei-k2All.csv,0.06078903697518455,1.7321564339742936,0.10622569830797557,0.0014136929992680791,0.10583568707635482,-0.008983751677153817,0.00015721730007841884,-0.9999989145859066,-0.0014649606576347689,0.02588704591645645,-0.9995146831221294,-0.017327985370169774
Drei-k1All.csv,0.057191123809008364,179.69214476794758,0.10812161832804598,0.006448062035457225,0.10782847279031271,0.004661255364313055,0.0030264520836832407,-0.9999887785026136,-0.0036446476697014453,-0.008292435062800306,0.9999622951958167,0.002577539028697599
Drei-k12All.csv,0.05554852566071955,1.0120551543914287,0.12000216450330625,0.02268125483371153,0.11776276315381096,-0.004244028631646524,-0.0034784119876386833,0.9999843650991702,0.00437837952373861,0.012942658062965174,0.9998569968801305,0.01088454831911404
Drei-k10All.csv,0.045159055905287626,178.54829515957064,0.12436872573936461,0.022356359336408227,0.12192068819246193,-0.010154749131867202,0.004302093818383711,-0.999989257717498,-0.0017252357476593635,-0.02098052177148904,0.9995636392427876,0.02079299906003728
Drei-k6All.csv,0.029521836969552562,178.3950902141357,0.12378432271142033,0.008372286072997337,0.12347739352497533,0.0024076260746481726,0.004622048052129438,-0.9999867990374783,-0.002244643085609687,-0.009360959262412314,0.9995106510167481,0.02984679121384654
Drei-k14All.csv,0.05023495211291195,2.581392026970698,0.11968857813079536,0.009111231945315268,0.11923900469851789,0.004939731360813049,-0.004538144005693603,0.9999863477035674,0.002590300265093174,-0.041693798390501455,0.9987370549923268,0.028034303291265664
Drei-k8All.csv,0.06099099464337771,1.2958413768415789,0.11586089392966352,-0.003023591821883498,0.11582113397924765,-0.0002637393344664396,0.0035008683567088507,-0.9999921783523062,-0.0018404224944982527,0.01840113058366885,-0.9996529585332462,-0.018851018247560733
Drei-k4All.csv,0.03038052213807908,1.6860459321054528,0.11636226208755014,0.005080134127784075,0.11574166407755926,0.010873613563708417,0.0024869455950095876,-0.9999934012543255,-0.0026481218651330015,-0.007434898088753476,-0.9995117793422887,-0.030346750178909063
Drei-k13All.csv,0.05233257136287152,0.9740290349200134,0.12323939446043138,0.027268163336598206,0.1184779254653352,-0.02018357730068887,-0.007178083348027808,0.9999452914565847,0.007608496123042707,0.008320821514965111,0.9999651863967689,0.0006244387808025753
Drei-k11All.csv,0.05041486136553166,179.44373310366174,0.12460142917046454,0.0064935824578756796,0.12171306804253623,-0.025870419514534504,0.004227122077611798,-0.9999851856425657,-0.0034292760671446004,-0.008815932800930806,0.999889319651541,0.011984480615707959
Drei-k3All.csv,0.05205672787460865,178.99161652168465,0.1195920234558308,0.023537284867473418,0.11494725888462298,-0.02313819289051877,-0.00040132800531682755,-0.999999815735503,-0.000455483030799379,0.012370209352722568,0.9998342665296932,0.013357297391291848
Drei-k15All.csv,0.04651707698504069,178.58788706964222,0.12368649233552623,0.025560328992307868,0.12033524575473664,-0.012823673312210904,0.007645451919280768,-0.9999682361355033,-0.002252506381672079,-0.017899379457243222,0.999535657210411,0.024659322375054717
Drei-k7All.csv,0.06224571163955725,0.35421604303842524,0.11536674539481179,0.009855977179557773,0.11477593008321652,-0.006231495034095591,0.0028418463395253465,-0.9999908629502279,-0.003193419083213406,0.008259004817685038,-0.9999468457642232,-0.006172073039303291
Drei-k9All.csv,0.056591282844412186,177.4957052382522,0.11575776889613121,-0.010118366022960457,0.11531368954908494,0.00048242244224394604,0.003379288779205935,-0.99998742778896,-0.0037046823569748715,-0.04677631409514555,0.9989044665363842,-0.001357635198912242
Drei-k5All.csv,0.05639954509847131,179.5421806142453,0.11175957724673809,0.006739947533878854,0.11116675700686685,-0.009312805709688066,-0.006530627974380974,0.9999649443116645,0.0052403288093075505,-0.0011318702104222195,-0.9999949344703923,-0.0029748787171894665
Gross-k2All.csv,0.007253283601931915,10.411313232621334,0.13239880007716956,0.03321815349228685,0.1269370848352822,-0.017691043891120417,0.005023382744068491,-0.9999811507525255,-0.003530405849509259,-0.1505396816133196,-0.9839731535710106,-0.09557529655345345
Gross-k3All.csv,0.004943685265272957,169.40774100399892,0.13277551150629294,0.012467059590575702,0.1283167484076122,-0.03176036774063418,-0.009943859987116829,0.9999471572149694,0.002608146133976277,-0.1688845456011443,-0.984572189534862,-0.04577787513223607
Gross-k1All.csv,0.01181690996106404,17.402707491793304,0.12639641060111986,0.019532276556979977,0.12485880320100695,-0.002195916337375703,0.0031437158336759924,-0.9999950557231656,7.46992655649354e-05,-0.12121044441974495,-0.9546322859123397,-0.27200225524312893
Gross-k8All.csv,0.009120423327924291,15.807739384862908,0.12707617215524109,0.023626243464952124,0.12472545269523239,-0.00580651352643069,0.004991541461108159,-0.9999854310604035,-0.002054794583665606,-0.23070865265009233,-0.9630614697954515,-0.1388744864537899
Gross-k4All.csv,0.009057162712735453,18.166730084037404,0.12813319559431494,0.01929373720498151,0.12666886242131947,0.0009310267262114813,0.006729936058319582,-0.9999731945586046,-0.002884115966905561,-0.2408400845422572,-0.9512438380113359,-0.19269461415187794
Gross-k6All.csv,0.012529891874328673,17.989146419890908,0.12143198606580263,0.02822158366955052,0.11810614522525964,0.0004559770802601282,0.0033581062700322926,-0.9999900014051694,-0.002953000502614646,-0.18949275716335107,-0.9510398683924459,-0.24416319073666704
Gross-k5All.csv,0.008569832364518977,18.37082863830103,0.12770750716902526,0.02701138497613742,0.12481208039167746,-0.0012397811496318578,0.004011569665179588,-0.9999725068909856,-0.006236406896556192,-0.231597283193631,-0.9486479530720315,-0.2154756588331355
Gross-k7All.csv,0.009979414004865655,10.066712035034477,0.1293494876107643,0.014858067853954271,0.12464835720769796,-0.03119799368928544,0.008673185622856714,-0.9999575872370731,-0.003098318602433676,-0.13002141697918573,-0.9854348112337579,-0.10960229895131642
Gross-k12All.csv,0.018572704084107893,174.19180611096473,0.1307123348591994,0.028442849094873934,0.127342187404631,0.00779013008322349,0.005918891325813108,-0.9999769980580089,-0.003312111164404765,0.07314764034925543,0.9951018461124735,0.066496154587185
Gross-k10All.csv,0.010605099655947466,13.005711250672716,0.13199014723415506,0.03414254182806331,0.12746558891338355,-0.0028652133214106534,0.0040978830677451785,-0.9999913074699842,-0.000769635520824736,-0.15580777978401802,-0.9748720578827345,-0.15921182907766893
Gross-k14All.csv,0.015075691584787354,22.650701954266108,0.12330595489989875,0.017558925884392007,0.12202611835004795,0.002380982146590327,0.0039775905252557855,-0.9999906099895833,-0.0017200890309003686,-0.20732991407384987,-0.9231462462950516,-0.32375193386524487
Gross-k9All.csv,0.010723288448999665,2.5855382939236096,0.12955445217173817,0.017884732276799875,0.1282900882557454,-0.0024790490595079095,0.00209316805227092,-0.9999977872038285,-0.00021032106809465217,0.03060972701225032,-0.9989274339410996,0.034742284497214775
Gross-k13All.csv,0.013039714121726552,171.04008181636826,0.12895461790254517,0.018977687682055322,0.12744007162817383,0.005307446847563124,0.002349723774017368,-0.9999926197243123,-0.003039620879839832,0.14980583307702725,0.9880462780219951,0.036369834519553126
Gross-k11All.csv,0.005945424781655025,15.219439214510697,0.12975254992925284,0.019670915144322954,0.12815439677827345,-0.005022937081524237,0.0008949925773864641,-0.9999984482622295,-0.0015173863777354398,-0.19820358004591798,-0.9648444720705964,-0.1725992050149537
Gross-k15All.csv,0.007769444798530869,10.512858906266741,0.13040899555715363,0.0351153435001158,0.12558410564319566,-0.0014321951310005687,0.004357345607929806,-0.9999809930259507,-0.004362009409237765,-0.14575553747746747,-0.9833962169000846,-0.10810737200235791
Gross-c6All.csv,0.007524274222996312,173.86021779394264,0.11643500666047434,0.0024761663127707625,0.11582126679577187,-0.011679620466386487,0.008378011137545069,0.9999628080068215,0.0020473232504798953,-0.07814679921870553,-0.9938078812823532,0.07898716903998707
Gross-c11All.csv,0.008279439321753313,169.5014199855914,0.11819906028629845,-0.013706955729389216,0.1168294944784436,-0.011576114940164417,0.005383372650283648,0.9999836097748493,0.001949225633356645,-0.024560484821165872,-0.9834927683557056,0.17927285677809437
Gross-c13All.csv,0.005269448705293992,171.24411774244598,0.11496651423391957,-0.004550529213982718,0.11487478319058231,-0.0006134051576472954,0.007549091193067672,0.9999696105292925,0.0019465970445004077,-0.028356250088836885,-0.9884516325461961,0.14885997849542562
Gross-c4All.csv,0.009888265321245817,176.37277172443774,0.12041275624494438,-0.009740147497072783,0.1192159286915877,-0.013853654371390078,0.005314683326118247,0.999983389576832,0.0022304061452452974,-0.06517891260009659,-0.9976164143884833,-0.022653898007504
Gross-c8All.csv,0.007214275735518503,167.864887820617,0.11772278358962472,-0.009319814174942598,0.11587830098078311,-0.01854761983762865,0.0025106839438811756,0.9999925077459869,0.0029463397675260033,0.003877077165546,-0.9782822598009285,0.20724089468886261
Gross-c2All.csv,0.006230865947722906,17.04688761920283,0.11585777994898944,-0.011591346555654414,0.11518740947309603,-0.004530624527864235,-0.001976346180152664,-0.9999956417492045,-0.0021932939550446556,-0.12238914217285418,-0.9564090047096736,0.26514658886820425
Gross-c15All.csv,0.003915183834463042,169.19279979400795,0.11569054254910605,-0.0064017166891182295,0.11550704206695661,-0.001201204262853861,0.006339154502888683,0.9999788516768104,-0.001453037960906815,-0.08336436180013729,-0.9815055928651635,0.1723286231479247
Gross-c10All.csv,0.00869875411802066,177.5391547815078,0.11641850748263616,-0.00016085030588406518,0.11640215382968289,-0.001944632478014685,0.004416296153223458,0.9999901025646427,-0.0005395378042529874,-0.03208620341146399,-0.9989279786999886,0.03336718329425651
Gross-c7All.csv,0.005101055866024204,169.51947220455494,0.11910415060248836,-0.012927185806229466,0.11838808895369302,0.0017166687985507023,0.0018350198300413497,0.9999953905939347,0.0024189859669371113,-0.05745525132680416,-0.9836290505172963,0.1708004246874579
Gross-c5All.csv,0.00855300243581463,174.76547068573453,0.1189668719129758,0.0031913454360489174,0.11875811071419529,-0.006280371538462615,0.0038798848560791595,0.9999924579016868,-0.000175023559498223,-0.09127903171959714,-0.9954783531118122,0.02628662880871715
Gross-c9All.csv,0.00602173318712816,9.238208790049596,0.11874612349581443,0.0006967026963370163,0.11873470074457915,0.0014924107113541973,-0.0035911730224234997,-0.9999926387613205,-0.001351258485184187,-0.012106778839034806,-0.9872080344558808,0.15897711348461196
Gross-c12All.csv,0.005802717838054493,173.68333258107597,0.1161878198603125,0.007603228056389161,0.11577418624780655,0.006175613789184187,0.006074236775989364,0.9999806124484314,0.0013705381606001431,-0.04978557877893246,-0.9937823402803468,0.09958943865974208
Gross-c1All.csv,0.005497458344733229,172.15515525563518,0.11638555105805269,-0.0009734326112580474,0.11624825020823049,-0.005567157943023537,0.0037793544387897085,0.9999873915702736,0.0033065360281851336,-0.05354312539359726,-0.9908608183791264,0.12380618855345148
Gross-c14All.csv,0.006994275596105179,171.72915420227264,0.1154819393464453,0.008826190578908984,0.11479652424959297,-0.00894062052060507,0.00409760054125111,0.9999914202329891,0.0006075608728245818,-0.040931448822750405,-0.9895239973248207,0.13844448423674496
Gross-c3All.csv,0.007890566518007094,176.42961099337654,0.12222702078661941,0.01848665822846051,0.12034599292924231,-0.01070187197603989,0.005013112974223118,0.9999828781134628,0.003018638471851658,-0.024114912987246488,-0.9981250638229624,0.05625680349989321
Drei-c2All.csv,0.04012524828562188,2.0332090348331895,0.11524124389197196,-0.019575007521372072,0.11247510908001868,0.01570710704570044,0.007385815079466597,0.9999687873677002,0.00280606948997008,-0.024147405840324165,0.9996177571965436,-0.013462625618129736
Drei-c11All.csv,0.029290005914126768,2.555425246368159,0.11569031963764802,-0.005872653268268843,0.11541689207087225,0.005357520522824344,0.006256519330156035,0.9999719258119608,0.004123536563402552,0.016166865408666437,0.9990947180397961,-0.03934941991743837
Drei-c13All.csv,0.02873598158080928,2.9200397966086964,0.11589456262307093,-0.003809006826836308,0.11567444482372524,0.0060385368516695515,0.002396646113795434,0.9999970343682559,0.00043283033470193185,0.04487222057276255,0.9986090029250531,-0.027686514730123887
Drei-c4All.csv,0.0327009699749458,1.2301877353569233,0.11726620808811182,0.009189811308313388,0.11662760794758587,0.008056797869261945,0.005518715763790917,0.9999832156212191,0.0017641576359712417,0.004441335114245073,0.9997964969494403,-0.019678395006462773
Drei-c8All.csv,0.029664338022019728,1.6758896137539863,0.1173760166619902,-0.008045172372239503,0.11666080037485038,0.01013223296396526,0.004116151040100105,0.9999892101881714,0.0021533248365257964,0.01566586710603707,0.9995717773719002,-0.02471522788477961
Drei-c6All.csv,0.035708772284309624,177.56259979251925,0.11993221770555139,-0.004625648049541834,0.11945556166690441,0.009628551850509037,0.002999845507750604,0.9999861922111255,0.0043146626779134705,-0.0045882099797868135,-0.9992600799594336,0.03818692091080224
Drei-c15All.csv,0.024605984055402912,2.463132432554833,0.12007857388167503,0.004237936408657723,0.11718871369024342,0.025840069351285022,0.008273326738381584,0.9999571375463967,0.004156336691901611,0.012478538638241738,0.999176174685785,-0.038616809989120926
Drei-c10All.csv,0.029629839129976517,2.272632450082858,0.11975745565594921,-0.018127031496572632,0.11833235213131865,0.00327312593379947,0.0034660069844535436,0.9999854806160524,0.004126178942606983,-0.0032640944324526452,0.9993835101348659,-0.034956335020289206
Drei-c3All.csv,0.03910835965237219,1.2163297352406026,0.12081491431381478,-0.021747207692507396,0.11705817536423524,0.02051063281884069,0.0016829467909003112,0.9999985420107075,0.00028925172199424274,0.009689047803796124,0.9997654285205595,-0.019370345576643154
Drei-c1All.csv,0.03292834328955135,178.34127632694143,0.11260842333427087,-0.011303692077224505,0.11177915938163907,0.007635645302643601,0.0008749567124903386,0.9999962283025084,0.0026034268779762683,-0.0053604569652295105,-0.9996477262542751,0.02599401653806034
Drei-c12All.csv,0.021102509392169476,1.5429783639218513,0.11679955218138814,-0.011917573797121342,0.11601014115979602,0.006461731397016002,0.003939357908939017,0.9999906317052878,0.0017938675884085096,-0.007400153557600395,0.999716520721339,-0.02262997843889007
Drei-c5All.csv,0.03133652303747028,2.23023292695503,0.11892990547537521,-0.005383269536225836,0.11802548882215547,0.013613479120830219,0.0025336315015199633,0.9999961095161687,0.0011669035698756538,0.019865977438984904,0.9992353715173168,-0.033675142895669856
Drei-c9All.csv,0.032326528185551484,175.00827598369884,0.12023911055122449,0.0040728627053852225,0.11977816049884282,0.009697822593041971,0.0059037035353246845,0.9999723522877528,0.004521166294767056,0.04121400773548484,-0.9967885664566469,0.0686582795275384
Drei-c14All.csv,0.030846134566718128,3.9333278607438658,0.11829086832472424,-0.005460431585138096,0.11550497412299654,0.02493018589515883,0.0014254369491979967,0.9999938529268098,0.003203472818288514,0.04549659200195358,0.997743971035942,-0.04936626760894053
Drei-c7All.csv,0.02981388358566327,2.9929851337234816,0.11694694936950677,-0.011411323501502847,0.11584039211934916,0.011286018625425775,0.004944080753235382,0.9999877212735274,0.00033670117835506467,0.018508862146735416,0.9985735497359094,-0.05008280932474695
3-S4All.csv,0.02956856349330227,1.5513729575746447,0.0846246508821439,-0.0031946523575149197,0.08442309634237888,-0.004885339006125977,0.003452149970280191,0.9999925081902931,0.0017510636396084974,0.0023744698762147853,0.9996770488722986,-0.02530138041252753
3-S8All.csv,0.030796733508092262,1.8710739314895146,0.0875413952182542,-0.013120642015639353,0.08613288596216395,-0.008512965739674971,0.0037000917242866506,0.9999919346946441,0.001562007328650846,-0.018695378994365724,0.9995787397251198,-0.022199682290474535
3-S10All.csv,0.05283345198696637,1.0269282824484363,0.08723915443195067,-0.012126204959091499,0.08637255660917353,-0.0018457204790965909,0.0013822376428311764,0.999999034259392,0.00014456618542216476,0.012117716205453129,0.9998256521188587,-0.014206559015550397
3-S6All.csv,0.05573478242663554,1.46286944597753,0.08512215543073011,-0.00866731567345742,0.08467697489569281,0.0006847676279028159,0.005294981389013181,0.9999859603161497,0.00020577336733241332,-0.013004288414695832,0.9997605937628122,-0.017596694060434737
3-S12All.csv,0.05511212809065022,0.06806241824925677,0.08270930528357613,-0.007976532774767668,0.08223482023717099,0.0038260222091651697,0.002372827035384632,0.999997152866862,0.00025288343288359477,0.0029418761346303637,0.999995360730765,-0.0007898618583080472
3-S2All.csv,0.03424548616960269,2.0200767369070602,0.08813194343617708,0.0006977471223610591,0.08659982021603274,-0.016346979578550913,0.0035263806835376383,0.9999891100240151,0.003056873018752038,-0.00762479053836984,0.9995091918203592,-0.030384832332244704
3-S14All.csv,0.05157108368413951,0.783063656454518,0.08251848682865,0.0008590125330023221,0.08250722034232161,-0.0010589416139801244,0.0030180764091716538,0.9999953843283051,0.00035005267316920566,0.004048660983431847,0.9999036514142852,-0.01327765915442225
3-S11All.csv,0.05215615866372305,1.7549518451037045,0.08494430683596836,-0.0055881502229096144,0.08443251671026752,0.007447010332994886,0.0053175244699823505,0.9999721757996722,0.005231783632776224,-0.0014372925682662589,0.9996953242156154,-0.024641285102638653
3-S5All.csv,0.04794084803415239,2.6700928661485435,0.08653442386542314,-0.024804389040740053,0.08246042853301949,-0.008557249802776168,0.003181769272306824,0.9999941487222147,0.0012565292002435845,-0.03666019353607089,0.9990655806499749,-0.02289095389945423
3-S9All.csv,0.04472448905467974,1.4535603062839784,0.08727770630053999,-0.0106545204899793,0.08659720635980062,0.0021915886680754504,0.0017352322655847176,0.9999980234813128,0.0009705681078851141,0.008307859615711396,0.9996886109925387,-0.02352999193401568
3-S13All.csv,0.053582258566564255,1.6757792731269336,0.08487801267883222,-0.0014691434469358486,0.08331104946150436,-0.016167488718508594,0.003383640181410542,0.9999913892224683,0.0024025944395720646,0.007052734482486377,0.9996209902266497,-0.02661080296819444
3-S7All.csv,0.0517593080914586,1.5723619447439576,0.08582850196007356,-0.01280092236524085,0.0848155695210917,-0.002997882940057761,0.0024370400554126195,0.9999917852640526,0.00323886402636077,-0.007824067596037945,0.999722686309385,-0.022211133347901393
3-S3All.csv,0.054111228751830644,0.981554877583698,0.08392551749865879,-0.00464406684455981,0.08372709152919788,0.0034204202405934137,0.0023284878670375925,0.99999728847543,-3.4438934069483745e-05,0.012814561534279534,0.9998256665767948,-0.013580260194576727
3-S1All.csv,0.02645680313073476,3.10607811151444,0.08739271572313187,-0.002763138925311815,0.08499509472070743,-0.020141640900421698,0.00549936391889749,0.9999833383859518,0.0017549777704695835,-0.003043121795327437,0.998655132625896,-0.05175582565947444
3-S15All.csv,0.05215099470484197,2.219130471725209,0.08199897689002601,-0.005730349164668597,0.08175044960268951,0.0028034441710375058,0.002595635449673973,0.9999891406673355,0.003870558618072231,-0.0085539235077508,0.9994116560925157,-0.03321403406753076
Groß-S3All.csv,0.004914350653754933,12.781961831745805,0.08462189600299654,-0.004799298269406638,0.08312796530585853,-0.015085536230814323,0.001322182417199019,0.9999950624967127,0.0028507570664429885,0.030252470173980445,0.9758012240620613,-0.21655659576045
Groß-S14All.csv,0.01490861446831368,20.75477076728757,0.0817139815205833,-0.02388530333670922,0.07645102647974023,-0.016183559888160448,0.0036327886256506937,0.9999933959529477,-0.00010439009723180173,-0.10121555662629586,0.9354442245052368,-0.3386731668388041
Groß-S1All.csv,0.026622158981448846,10.36380380014495,0.0869239316617148,-0.02509444788169318,0.07780149990799412,-0.029545984382143065,0.004469407451859033,0.9999899363329456,-0.00038939679061350855,-0.023746333614057077,0.983732009940697,-0.17806584247947765
Groß-S12All.csv,0.027643375181623707,12.172096338635594,0.08251356054433037,-0.025354178921704367,0.07797829113779886,-0.00922168076533536,0.005547824769825657,0.9999770536384537,0.003887651846663174,-0.047769085736108635,0.9785845732659229,-0.20022574113706945
Groß-S9All.csv,0.005280021812334256,22.40069970254643,0.08332380080996064,0.005754933226975272,0.08297434645538049,-0.004999435495487536,0.0008990626148790964,0.9999968729604345,0.0023336143141479146,-0.16612524166599174,0.9254880007695825,-0.34040323810583395
Groß-S5All.csv,0.006708856973187092,10.114406697270496,0.08290807831580078,0.0014963910292408178,0.08257141640420107,-0.007312417993427189,0.002552587040364428,0.9999967288606741,-0.00016299494731428668,0.12702709789056238,0.9841178138168738,-0.12400098761622663
Groß-S7All.csv,0.015546302217812677,39.13238045385135,0.07875888179537027,0.010605358037901844,0.07772186075723675,-0.007056925887220289,0.0038941918395128286,0.9999919175915974,0.001000010698473127,0.6275995120502538,0.7731607841981979,0.09133046727303781
Groß-S10All.csv,0.02442564903645985,13.895624887131817,0.08949256608114785,-0.031101521648899885,0.07865126366439523,-0.029250529207270892,0.003938301151887948,0.9999894465896373,0.0023656908904104513,0.021468091658462196,0.9712216849107058,-0.23720784093227662
Groß-S15All.csv,0.009811950788780562,9.524408724077247,0.08107633207958224,-0.0017619352511831221,0.08000058583230873,-0.013045055543643325,0.005812752743572348,0.999980353175575,0.0023463095268028956,0.12939824802307454,0.9857349235673116,-0.10762320320592716
Groß-S2All.csv,0.012904536903445235,9.211491249789823,0.08538835371332788,-0.009440397033971384,0.08480437415664688,-0.003204368520133505,0.0032399332130721424,0.9999946067748192,0.0005378234371504205,0.05359497724846013,0.9870172893743155,-0.15140821936049462
Groß-S8All.csv,0.05089612486652972,21.466388539757517,0.07896720436831191,0.0340114320128473,0.06521013253988173,0.028752051619202135,0.005708024936795305,0.9999836616894996,-0.0003079048249102499,0.3549820832540806,0.9286544808194088,0.10765024766635214
Groß-S4All.csv,0.0061012987666101545,23.815940372054115,0.08055445048201706,0.003953773131086616,0.08020203065173326,-0.00640479896843571,0.0023783877267948366,0.9999876408828408,0.004365930988059391,0.3929377050656876,0.913462323631438,0.10576645613598423
Groß-S13All.csv,0.019825800414144314,9.681549741113944,0.07993967204623421,-0.0034678875042934276,0.07913970383882885,-0.01073462618909038,0.002421638605063413,0.9999966167105476,0.0009498599502674741,0.09238294193683232,0.9856713440490421,-0.141128996168938
Groß-S11All.csv,0.03458876799237309,14.08554443272134,0.08195520671331608,-0.014697451415506865,0.07744156857868867,-0.02243756415887077,0.002449623330573786,0.9999913738864575,0.003354325299379619,-0.06791220765581707,0.97087881778116,-0.22974388617582372
Groß-S6All.csv,0.004662058521865885,11.690014654637654,0.08464889978727674,-0.0033656339234861936,0.08385338816634791,-0.011077817317201255,0.0021073991830180584,0.9999940521152898,0.0027303118369713677,0.18699440081241434,0.9790886298480916,-0.08011584716517137
Groß-M7All.csv,0.00503287690395882,168.4458603675122,0.10866138314728278,0.008564724601585055,0.10785839308627976,0.010025403773671893,-0.005271419518259747,0.999983975410665,-0.0020642330646605304,0.15784669131112722,-0.9791829205400744,-0.12761359709976328
Groß-M5All.csv,0.006100257511870103,9.037980309088391,0.10696194000515256,-0.004980000002700671,0.10599717254644658,0.013440819238342172,-0.007146321526349088,0.9999729301222594,-0.0017518879373072942,0.007022888661725166,0.9879324201774617,0.15472624921824826
Groß-M9All.csv,0.013189327728162357,170.32501298495387,0.11223101666421723,-0.010704912094017957,0.11125634068841195,0.01016034522873932,-0.0037717763080360326,0.9999661495551642,-0.007312554088758796,0.14035695148201616,-0.9845127075689483,0.1050459652054011
Groß-M14All.csv,0.005253272217565717,6.328561421951611,0.1017322955297664,0.017296631935534282,0.09455259541099359,-0.03331806084524336,-0.0064660408179378175,0.9999677598841265,-0.004761250724642362,0.08385284558861204,0.9947589728134096,0.058508856542440486
Groß-M10All.csv,0.012029208908472817,10.615642416597721,0.11183167393636045,-0.006006085668064154,0.1107638710103711,0.014199123534718194,-0.005779379049212048,0.9999728756243141,-0.004565828889287408,-0.17397718253235625,0.9822278268728073,0.07043036330181196
Groß-M1All.csv,0.014177121307289034,14.501510971606113,0.1054708276463998,-0.004272179472865248,0.1024568116991349,0.024666692186351535,-0.0058317455105066475,0.9999692102744546,-0.005250642568736498,-0.23438008783526926,0.9673123089784204,0.09681359060157242
Groß-M12All.csv,0.011425016420291305,11.974050081014793,0.11388315928223974,0.021897389362461203,0.11134933904216249,-0.009550026287205138,-0.004092728145079351,0.9999895236558431,-0.0020499158250273392,-0.18065458941072213,0.9777314591328852,0.10679472433936921
Groß-M3All.csv,0.0032255815044893448,167.85295704660138,0.09394421870311277,0.011705125528635507,0.09125067137890808,-0.019021599222875385,-0.01007642267815787,0.9999477226005365,-0.0017371735698459864,0.13593725569095477,-0.9759964754852846,0.1701527030508598
Groß-M6All.csv,0.014084305864071337,156.51274845259042,0.11324112234655076,0.0007472176477492237,0.1100590438047071,0.026645831435459733,-0.005562285049419108,0.9999582238503029,-0.007253381223703849,0.09107299249036485,-0.9138094848391275,0.3958003732399687
Groß-M15All.csv,0.0042432315081408385,172.78016680311282,0.10222033509161502,0.03862858825767436,0.0927971538860819,-0.01858809581705334,-0.008481148753403826,0.9999559792475645,-0.004013686941692332,0.11943134188472836,-0.9908496009706339,0.06287465969649024
Groß-M4All.csv,0.005832757911504659,171.97433754256727,0.0972815818013048,0.03329539693815202,0.08985764353785797,-0.016754897741201202,-0.0029184364575658792,0.9999890075453575,-0.003669811588272885,0.10918854316480572,-0.9902167056301145,-0.0868834732995341
Groß-M8All.csv,0.010315735881200645,161.95978677598129,0.10826934583139697,0.0076393179299101555,0.10752163270569448,-0.010148426904014296,-0.00828174906353207,0.9999640322907993,-0.0018294144347523037,0.13593090672358626,-0.9492287827070713,0.2837032017404021
Groß-M11All.csv,0.003961896905283263,10.379196064644988,0.1079523297526636,0.019503567917977596,0.10544458137115198,-0.012440120455974757,-0.0062080513113555134,0.9999796841436623,-0.0014461669532885178,-0.16643365697531404,0.9827404704465016,0.0807527434358237
Groß-M2All.csv,0.0038322192508980814,15.448708845833798,0.10949110015721018,0.025379192786492005,0.10552718879007195,0.01442948416288048,-0.006230873750335417,0.9999580697414109,-0.0067108100359483565,-0.21806697965168742,0.9614257816997961,-0.16765219553744704
Groß-M13All.csv,0.002788569565347429,165.12252771083482,0.11101371848740144,0.016828435548739445,0.10909666456765921,-0.011779950322203803,-0.003438063880095998,0.9999904176852087,-0.002710028508685147,0.25218150926172517,-0.9654410524677008,0.06578799735921957
 3-M12All.csv,0.019446124921243944,2.4741375837156765,0.09426257407329526,-0.012990825782393661,0.09276083816791036,0.010587644629553639,0.0024525067723424436,0.9999836796301075,0.005160008135777317,-0.023183321695960477,0.9992935963195071,-0.02957772726169918
 3-M9All.csv,0.021995978138124973,2.777276385524282,0.09599599294004334,-0.002518999950738343,0.09303788217824605,0.023512502622643927,0.005377777790616845,0.9999781748288064,0.00383788640851241,-0.02734472671507357,0.9991167443199784,-0.03190606745314776
3-M2All.csv,0.04507711410747165,2.3550660345519745,0.1003404409552521,0.013690456112458449,0.0976718360223765,0.0184658590524589,0.004862263941119086,0.9999874720960229,0.0011891342956785586,-0.03619912814819625,0.9993404834108744,0.002867287468880657
 3-M10All.csv,0.048575217183953835,2.926755338196598,0.1026723437276969,-0.000624522388357307,0.09934935345187745,0.02590224135125585,0.00834000424703998,0.9999504504613609,0.00543515880915907,-0.03670732994363816,0.9991524955456164,-0.018624246921047447
3-M6All.csv,0.03408907756736953,3.2515045301209358,0.09382225641940435,0.0035046940131849558,0.09368935940411394,-0.00355483529142675,0.007112566331744583,0.9999679111759943,0.0036861929542488796,-0.04937659140187428,0.9987790617830239,-0.0015290406647984634
 3-M14All.csv,0.029713125284383538,179.40497275290244,0.10380554548210506,-0.04328708655284308,0.09348984806721017,0.012706994883685763,0.0033592446309840067,0.9999941770227818,0.0006011622395084034,0.0007692952513769264,-0.9999598486302222,0.008928007181879881
3-M4All.csv,0.04821862977917113,178.49871202506358,0.09794155161005101,0.0013561039847874434,0.09331259297381722,0.029723198116445082,0.004113328533462648,0.9999788431502734,0.005039224168038982,0.012073834474425364,-0.9998059807694476,0.015563525909240941
3-M1All.csv,0.022119452043045478,3.829595834283019,0.09246885190066947,0.009350343771841574,0.09059276165367058,0.016000349344235,0.004247843513178822,0.9999884935387335,0.0022290391701154976,-0.05237054647226902,0.9980750921870594,-0.03321801044597625
 3-M13All.csv,0.044477057693685575,0.4933852509967705,0.09929514993473992,-0.017543506128127162,0.09161250251123021,0.03404264350670616,-0.00018667614010022123,0.9999981819944003,0.0018976722355906906,0.001825423481990157,0.9999773702122113,-0.006475097882012426
 3-M11All.csv,0.05119284514811349,1.6489670671949486,0.09971926310246165,0.0015062276160709431,0.09582453308444516,0.02755579015768972,0.005238644480981144,0.9999862645922394,-0.00016501775953983537,-0.023431718624571992,0.9997219321643387,-0.002648190306807756
 3-M8All.csv,0.03352222642664981,3.4070593780365908,0.09101897736314471,0.008518593765535848,0.09049759126111345,-0.0046982737709571065,0.002735852226393023,0.9999690683481021,0.0073741073780595485,-0.048552722267966496,0.9985633838432315,-0.02266719232558341
3-M3All.csv,0.045618759934718575,2.441411790489482,0.10115826504427641,0.015078603795964707,0.09792386779808715,0.020409468630886662,-0.0001220331137389919,0.9999996554604094,0.0008210889004877181,-0.040244193059240485,0.9990988118367251,-0.013489592708988172
 3-M15All.csv,0.025533060347694106,176.58780675417265,0.09685212374144461,-4.813351911117647e-05,0.09487650048091312,0.019462302353209116,0.0034009899649444747,0.999992913116929,0.0016146154889769531,0.03834988035419768,-0.9984305839211178,0.040812446235856364
3-M7All.csv,0.05045009402113421,2.1635334957493324,0.09691324209193151,0.0018125428457353154,0.09328032504788286,0.026223503582912366,0.009408118855625818,0.9999474123215704,0.004081652973295286,-0.024741839217877468,0.9996215647428042,-0.012023672203826812
3-M5All.csv,0.04774404586424104,2.1303152250575534,0.09719613702922993,0.01577029282685058,0.0926615875947352,0.024743021278401778,0.004117920408325907,0.9999876920030257,0.002767412866172465,-0.03258444289075949,0.9994640447372192,-0.0031428265966551663
3-F8All.csv,0.0849740782905992,1.0261245568438573,0.14230569798895298,0.0568088828146662,0.13042579808792487,-0.00357403226069275,0.003935592142547614,0.9999395149448258,-0.01027022718322938,-0.010622286690000456,0.9999435690341212,0.0001605390262688633
3-F4All.csv,0.0867697449454624,0.3605011451805517,0.13730445111947576,0.008717270064118376,0.13274039854595943,0.03400747114546432,0.003623580849391899,0.9999765401235509,-0.005812818968522328,-0.002384950059387671,0.9999676655394345,-0.0076798365105265765
3-F12All.csv,0.07806215711360685,1.9842469092642667,0.14037615062151163,0.04207191603999963,0.13345673094013089,0.011167744213137043,0.002489126861115291,0.9999847518282693,-0.004929539372352954,-0.031215723431134428,0.9995081476999412,0.003006874141830821
3-F10All.csv,0.08447163970584137,1.019618983586609,0.13178888208868447,0.02880196844293123,0.1285437074080391,0.003907856419317457,0.004242609332345156,0.9999581316143815,-0.008107729912167645,-0.012872168323738267,0.9999119230005848,-0.0032331909807594332
3-F6All.csv,0.08769770160675698,0.634175201197706,0.13832502097656763,0.012791655721627493,0.1320528984391296,0.03914354334870762,-0.00029908418076653436,0.999944409199008,-0.010539879520167293,-0.002744014454878056,0.9999962026792392,0.00025497406465596975
3-F14All.csv,0.08890051694405662,1.8402267096925082,0.13143014500259947,0.011743156963370555,0.1291663541713124,0.021261096632795184,0.016022043096557387,0.9998711551124908,-0.000983518696098281,-0.013882795000682919,0.9998230272008034,-0.012695758425208743
3-F2All.csv,0.06204520488517127,2.4921556376112703,0.14098291661972032,0.003822193013968217,0.12925587678412676,0.05616486389134778,0.010266387529064683,0.9998897359397664,-0.01072927068386314,-0.032044313470534186,0.9994862273619776,-0.0006657987105783292
3-F13All.csv,0.08598125741145668,1.704232130764823,0.1334071338756044,0.02079249363544239,0.13153609511669972,0.007961862770360262,0.010858049003862443,0.9999204958579782,-0.00641129744788652,-0.01887680716273648,0.9997965233114229,-0.007111829984829287
3-F9All.csv,0.08582117394387655,179.56061192400318,0.13030499722723926,0.023862387676958613,0.1268877785381637,0.01759177121256661,-0.0014002585371106738,0.9999917880392117,-0.003803042225483882,-0.005802675270555451,-0.9999824786470248,0.0011710502365699928
3-F5All.csv,0.09300832997944822,1.4123700120425629,0.14246799271528912,0.01922117412546745,0.14007248040195686,0.01753213186140079,0.006250658117061354,0.9999783850002055,-0.002039314954493156,-0.015737966763689673,0.9997892996295258,-0.013178495682259851
3-F7All.csv,0.08706258923496157,0.9937698578547068,0.1347903944106846,0.006330968119925395,0.13303617106314292,0.020730326985134107,0.002312720358347991,0.999966688554554,-0.00782771395642963,-0.014190136432591462,0.9998962112278026,-0.0024913450802770045
3-F11All.csv,0.08238468859956657,1.1750059605209024,0.12424796614454313,0.0035797962079123224,0.12415406961433995,0.0032417816649155107,0.005269196846787485,0.9999738970143579,-0.0049437692612762174,-0.011008385370939273,0.9999110553119555,0.007529735483819039
3-F3All.csv,0.08931302287781641,178.9381263430215,0.13401701958087125,0.020818431761798234,0.13149720375231033,0.0153505648639507,-0.00137801207460414,0.9999801369910465,-0.006150341949113056,0.010278639114987498,-0.9998961123278812,-0.01010515361255263
3-F15All.csv,0.04278950094571885,0.7517404371301455,0.144370839177348,0.04431854435091659,0.1349372294928981,0.025898840286168623,0.0006633129176792635,0.9999981217332551,-0.0018211386371483952,0.002576878357983014,0.9998871442943118,-0.014800620692891267
3-F1All.csv,0.082856590156362,177.22653191068025,0.13726548315540785,-0.004260693362283796,0.1346830860406072,0.0261557965380248,0.0034360410161565777,0.999938039734059,-0.010588215852618233,0.019654522032687416,-0.9992963467132898,-0.031945441132335564
G-F1All.csv,0.01736237073659619,6.8349983476465015,0.1415034498247823,0.026987203100777235,0.13754538414838047,0.01939547577623535,0.0021164706356642127,0.9999732776923518,-0.006997460486727312,0.0649030798467927,0.9920261668633502,-0.10803552417981956
G-F14All.csv,0.023842087924487172,2.333673603835754,0.14439837114101264,0.0037605335612404533,0.1440684318551495,-0.0090019396971186,0.002633826848595181,-0.9999784891552477,0.0060070111469935185,0.04305629020972164,-0.9990720255324244,0.0011152003919603706
G-F3All.csv,0.01533206808618271,6.824493072245947,0.14200232149311995,0.02862935049274462,0.13855169396308664,0.012183911513063306,0.003356197407642184,0.9999446966608904,-0.00996692323243317,0.08473126348098568,0.9917238708567637,-0.09645919843018026
G-F10All.csv,0.019077555005790697,174.71373070274296,0.1439125869137192,0.021624127232784507,0.14029548816084425,-0.023672891570941212,0.0017627689809453476,-0.9999653566614649,0.008134993695803804,-0.08715755047156568,0.9952805850682291,-0.042662845451729825
G-F7All.csv,0.02008398035616129,5.599907051755224,0.1511058541038819,0.051623547223473454,0.14179071148805145,-0.00796132226716173,0.004535679144178215,0.999949750921316,-0.0089399802628117,0.07623394412922663,0.9942607099860752,-0.0750601514819108
G-F9All.csv,0.3417805959723739,4.330872010609892,0.34708765948081843,0.23085883161163545,0.14584935928762754,0.21424753820329334,0.006138942303888548,-0.9999258874996694,0.010513462578442719,-0.03662226714540992,-0.9966785605227454,0.0727368994626369
G-F5All.csv,0.020019841649443624,3.7744027186272024,0.15264648147527807,0.060901978057342265,0.13975201956834393,-0.007827541252182879,0.007361814576484918,0.9999488255269401,-0.0069390210717888085,-0.01485368229401186,0.997513308065427,-0.06889534349051694
G-F12All.csv,0.017423315420139942,178.21217066221521,0.14655129820969975,-0.014815577097569421,0.14252850768161607,-0.03071491787822056,0.007606827920491658,-0.9999579355765396,0.005124767945295326,-0.023531093599074276,0.9992125224396116,-0.03194718507005093
G-F2All.csv,0.06462948998981752,5.786634299817053,0.16220783965125365,0.08921245522761656,0.1344946681295962,-0.01623900616716134,0.007364281814686634,0.9998957665193321,-0.012418673442464846,0.08101864613074644,0.993403348103597,-0.0811527384362667
G-F15All.csv,0.02414113345263512,177.70065625547562,0.1486847036895763,0.015129175883921209,0.1440497227305344,-0.03358461745482055,-0.0003952695039638049,-0.9999102234237585,0.013393612457775901,0.013928931010496883,0.9985939421381826,-0.051148055738504436
G-F6All.csv,0.02093120802720805,3.1451076668510023,0.1466889643175429,0.005612622587033267,0.14486539779361207,-0.022364419114911938,0.0030243726876537074,0.999981380657477,-0.005300142282205628,0.055154627211071894,0.9982269367354245,-0.022381909503401375
G-F11All.csv,0.021737056303545225,177.74806550994984,0.14975029352681898,0.039174376198989225,0.1434108754634813,-0.01799553999151937,0.00235284597668718,-0.9999503967845214,0.009678227435226405,-0.006258407768081179,0.9987905441127245,-0.04876762576972731
G-F13All.csv,0.018509666246004485,4.509973860437445,0.14604531099873752,0.034429104578943104,0.13971144931898105,-0.024991609628032152,-0.005885302351063057,0.999913681535586,-0.011747029164343125,0.00986338887582025,0.9960051404183561,-0.08874950039349812
G-F8All.csv,0.018795065044964608,4.320698717750372,0.14864658550251597,0.03205984552772562,0.14504882619428017,-0.00536765367331693,0.005044805181241075,0.9999752740692541,-0.00489910101987353,-0.06995266052379673,0.9975473845337532,0.0024167944702268435
G-F4All.csv,0.021501628832236944,4.829894362916725,0.147713648777777,0.03606550671416159,0.1426700442684341,-0.012800770646264947,0.0009425862675171588,0.9999872070727035,-0.0049696299723813765,0.06032136120202808,0.9960837020522928,-0.06464202880892474
