file,radius_object,radius_device,angle,centre_diff,centre_diff_x,centre_diff_y,centre_diff_z,x_normal_device,y_normal_device,z_normal_device,x_normal_object,y_normal_object,z_normal_object
C12All.csv,0.027334801521084383,0.6641898024612098,179.09218577874194,0.11155372059924468,-0.013138336795145554,0.11048926427176764,-0.007983681260869568,0.005274278260305084,0.9999856665586283,0.0009212307681504031,0.0017734012552878611,-0.9999103903366485,0.013268999389523025
C8All.csv,0.031461854594072795,0.6771427333528252,177.6397092737875,0.11052541571618381,-0.01401407701499606,0.1094480359711072,0.0063718589689536476,0.007454685384817621,0.9999704384186324,0.001884132336458936,0.03249386666794059,-0.9994387372695066,0.008146107911165587
C4All.csv,0.028043377841631155,0.6844847279950179,1.5779260632376833,0.12879126126136045,0.004310488738995172,0.12859551238967293,0.00563940221658954,0.00436636251962416,0.9999853322180271,0.0032047195117466476,0.004199024395587125,0.9996951053182794,-0.02433237754104011
C10All.csv,0.029119222147035915,0.6709246976949856,2.081423313609851,0.11228878887562196,-0.0002383819484083824,0.11221432120311214,-0.004081837591753623,0.008562879409828455,0.9999627835350254,0.0010529202707255996,-0.021964627623824572,0.9995851212213334,-0.018631708624786587
C6All.csv,0.029715390986624225,0.6740794898287302,177.95596000178998,0.11367915341454345,-0.002450813755900935,0.11364683296552314,0.0011579248195270342,0.003603361246177032,0.99997841091345,0.005494860757281841,0.025753944004277916,-0.9995592317682739,0.014767415313545395
C2All.csv,0.027073922834007724,0.7360844839368317,4.157754118798551,0.14772573513535966,0.0808753145037196,0.12338368130194088,0.007651373313854237,0.011174147092251374,0.9999258971813686,0.004831002255781291,-0.061350828366222146,0.9981074581697886,0.004192589250359377
C14All.csv,0.029438823484255146,0.6509079154610338,177.45752629638778,0.10889115716658677,-0.012900839080528588,0.10810306300341543,-0.0021401470454622817,0.006027244900443513,0.9999746515378035,0.0037905937212306855,0.024820471842296236,-0.999297040853596,0.028095699293173966
C9All.csv,0.03053229640436531,0.6878882913536867,0.6758904166579665,0.11267894912547127,-0.0077419104737390665,0.1124122030626058,0.00032403834438554657,0.003473181004340734,0.9999850879245562,0.004214373290054597,-0.0028625210047499077,0.9999794504782259,-0.005736252676032788
C5All.csv,0.019691512679636484,0.6813121826413353,1.3351916160102417,0.11432655720616354,4.486890267875465e-05,0.11357579065798395,-0.013080498683519681,0.005940209033589095,0.9999756833108547,0.0036533140607188964,0.005046761379789174,0.9997945400110595,-0.019631809994225032
C13All.csv,0.02728195178301,0.6608485412676947,177.75035804689466,0.1119617893555262,-0.0013953146940698241,0.11169456097680364,-0.0076039740132924916,-0.004248166866258602,-0.9999873880599564,-0.002678954890138506,-0.025992861583627326,0.9994121901072487,-0.022352749533964447
C7All.csv,0.03135416517594473,0.6714474903142659,178.9085011975682,0.10858822291377464,-0.006841199118013404,0.10833807896661596,0.0027314457751509424,0.004180837944194424,0.999987913139901,0.0025873090634775556,0.0053536398816901995,-0.9998889933774414,0.013904656150532192
C11All.csv,0.027954479539551932,0.6725933565736196,1.43095706574495,0.11493098047410777,-0.016188357157043323,0.1137763146983779,-0.0014204150630792167,0.004833482504842742,0.9999864143484762,0.0019515545990842012,-0.019039819143220563,0.9998042533346432,-0.005379619033885877
C15All.csv,0.027529590754341828,0.6575090983006447,178.8108028348774,0.10714890750472426,-0.010889195500003626,0.10640444582891995,-0.006356705802465279,0.003616708412515183,0.9999861160073064,0.003832389969786023,0.0030171667869054843,-0.9998700890775705,0.015833561588944427
C3All.csv,0.028747078485953866,0.6622173085365366,2.9320555383956455,0.13787081202269105,0.0474561298397322,0.12904023278907828,0.010241819670897101,0.004860234574211306,0.9999716417364553,0.00575272481367245,-0.0013017586393906937,0.9989846184341078,-0.04503373798058732
C1All.csv,0.02880134238881218,0.7196088802950714,4.491973857576318,0.12106957651518985,0.002831148799523342,0.11937663953237787,0.019976107929200904,0.008394848733377171,0.9999520140993159,0.005049357727953066,-0.05872373528095043,0.9976477249098576,-0.03536297352935468
F1All.csv,0.023733926444180892,0.6432032584067428,1.5819082153628248,0.09043103207052951,0.014715116712446963,0.08899941953871293,0.006351395378368707,-0.0009456971969744356,0.9999663743506093,-0.008145908476608931,-0.018976606277557817,0.9997384969959597,0.012760330655825934
F15All.csv,0.03328418736320413,0.6679354419992534,2.999828341231725,0.09292665463356922,0.005137834645545042,0.08920357730989759,-0.02552817250918704,-0.0003646968291590039,0.9999675637143978,0.008046024814491775,-0.03138964252171276,0.9989250810903516,-0.03410824989637411
F3All.csv,0.037512874455569965,0.6453511623133161,1.6976159997573514,0.09032121157055506,-0.011424709875085703,0.08575346496760816,-0.025956511897639256,0.008815126329384151,0.9999203239500466,-0.009035446830719267,0.030299434527997608,0.9991077719825707,-0.029421152786861058
F13All.csv,0.06184104914547256,0.6186421469406752,176.84050716449124,0.09759782482622782,0.039949277008824474,0.08573128262208551,0.024073592529063048,-0.016410627643969767,0.9998617349459237,0.0026837084898526055,-0.03518242853418804,-0.9991361340428712,-0.022117467583379073
F7All.csv,0.07582443978197116,0.6674265480374312,1.4532368948946457,0.09305370427815585,-0.029453991460394235,0.08780881348765646,-0.00900369595374384,0.009475484173040283,0.9999383148557005,-0.005794970511423118,-0.013513673078204072,0.9998965880663755,0.004918720682955308
F9All.csv,0.07220477589623141,0.6807812840323999,0.9253646564796102,0.08865210871218404,-0.006014059057973031,0.08664952280636884,-0.017745074533308536,0.0074474722113630175,0.9999431034857086,-0.0076370772570864545,-0.004495844010848396,0.9999846622193501,0.003234611674038569
F5All.csv,0.07282013547934156,0.6608586089804737,0.50592459657771,0.08855967345725223,-0.0056225207606665495,0.08837976494667643,0.0004692239563823808,0.007727889912399736,0.9999494828814265,-0.006427394703099299,0.002533073637261481,0.9999965377926683,0.0007126995326484454
F11All.csv,0.0337505445879043,0.6647084576265754,2.8223700916355297,0.09706593049466433,0.014640896341986787,0.0959538018686612,-0.0005540072634135917,-0.006421290112588855,0.9999010660436684,0.012514997324224623,0.009084851912690862,0.999372613283845,-0.03423222581051856
F14All.csv,0.05756649956394174,0.6668213353006837,2.2446492087796615,0.1033141159933107,0.04718330328208439,0.08929530551667964,0.021769034603145387,-0.0035241948818466318,0.9999913935473328,0.002189265104452246,0.033061334594443194,0.9993223979279322,0.016176932787188528
F2All.csv,0.02459365144802672,0.6346245737347742,4.9159375132468455,0.08836120972982241,-0.014008812600154463,0.08698858287302058,0.006666558647086651,0.0010563034671352918,0.9999560602069335,-0.009314605649901544,0.027729762609249108,0.9970080844593681,0.07215219877658618
F6All.csv,0.08694745662297333,0.742207026029118,1.7513161858991204,0.07743294467923845,-0.012437625131485774,0.07394170037733416,0.019333684286632402,0.0037843930458306154,0.9999925981562562,0.0006942636210042252,-0.026592667747480137,0.999642780631803,-0.0026722935448969583
F12All.csv,0.05660560838938789,0.6743551071549986,3.2024059877070905,0.11124615749400683,0.0558147581969988,0.09581500766636353,0.008938939002288038,-0.006660982957393362,0.9998966601336203,0.012739715839563182,0.03986892269929343,0.9990391151928909,-0.018202069041826138
F10All.csv,0.02603410142771919,0.6543563571227917,179.53858945408967,0.07811263623542583,0.007036499241634048,0.07557606364456015,0.01844804114435561,-0.007199647965082988,0.9999738550302096,-0.0006740364975540798,0.013592163787225523,-0.9998987038001903,-0.004223176799652513
F8All.csv,0.05485453510547875,0.6534858114518872,4.106318359411703,0.09047450926438524,0.010660863317565383,0.08485042653103925,-0.02953621400004125,0.00888298007685652,0.9999526791029367,-0.003966386241125309,0.0802778149628516,0.9967307588272595,-0.00912506616007264
F4All.csv,0.02991178941937302,0.67371203985718,2.2402767713872276,0.09570130648923433,-0.007825926117075388,0.09286737705262293,-0.021751901607041324,0.0066027448463474425,0.9999526275651,-0.007151670164801782,-0.0018093437364358252,0.9995168816984571,0.031027882219643352
K11All.csv,0.043891867832909846,0.6607812233348974,1.8460731281013747,0.045609323982820006,-0.029812040083478375,0.03447807688462112,0.001647699781232581,0.002482712253493134,0.9999917493252498,0.003215186043253258,0.0346674966077339,0.9993971651206106,0.0018630694674450377
K6All.csv,0.043971903078913285,0.6673760731679379,1.1020004310496736,0.05336479298083121,-0.04087411521895354,0.03428510314534505,0.0012804441681438794,0.005607657801247049,0.9999837061228015,0.0010684862612610256,0.015353094297058601,0.9997263792064066,0.01764792379729129
K4All.csv,0.039328531193501,0.6667865381896136,178.469103487155,0.03341667779932427,0.002443485547908575,0.033279966848453135,-0.0017741307975664977,0.005827629307369906,0.9999819319469597,0.0014746241156835362,0.01723537542256994,-0.9997395051066071,-0.014962077504108892
K8All.csv,0.03510972892487849,0.6776572393875535,2.718043083872427,0.04552408533799279,0.02037947666177861,0.03559587387729546,-0.01974976049891608,0.001885851801662397,0.9999981776100881,0.00029721958997670187,-0.025614690956199945,0.9989135459766112,0.038930903812406076
K13All.csv,0.04795626202830698,0.6607539016444371,2.794330791823018,0.052702327408213755,-0.025688152484369564,0.04114636997451737,-0.02060656143325401,0.005257521381505955,0.9999726510241382,0.00520150677009562,0.04494998005703507,0.9984277524742508,0.033489138270307625
K15All.csv,0.031714518170049,0.6747905169158592,178.46528840923546,0.04293105698529853,-0.008731045254141756,0.03633134440105179,-0.021139487142720403,0.005672612396694223,0.9999820947004171,0.0019057143445955884,-0.011954618471326981,-0.9995381205275631,-0.027939805107274274
K2All.csv,0.026744077016974604,0.7005664425730396,1.2302716380229177,0.03426882080704447,-0.0033256691513977588,0.0309159319894603,-0.014404761484447803,0.005447841765598498,0.9999823502408843,0.002370701755841496,0.02315235051942437,0.9996265831296558,0.014514233219653824
K7All.csv,0.04232023320809027,0.6617976355471851,178.55451985539256,0.04185411458179389,-0.018136984467502004,0.03687878824573132,-0.007922858030914859,0.004846084478254983,0.9999881065936604,0.0005496694060052796,-0.004237959251661391,-0.9996589691133901,-0.02576790974324044
K10All.csv,0.024454524594617482,0.6541756820317061,1.8710510902979678,0.039307015070923046,-0.016666601189144314,0.032355551055364584,-0.014845341171272564,0.004380688382810964,0.9999823881451861,0.004004118972090233,-0.019059137176440442,0.9994608907516652,0.02673344624207138
K12All.csv,0.03649731981787842,0.6524754379105432,2.2608735330860434,0.05068113279740012,-0.033099958687203085,0.03703873765992749,-0.01005494252058281,0.004333844376248508,0.9999877492326862,0.002391480183908388,0.016021486292645742,0.9990685536705235,0.040066657505510986
K5All.csv,0.024343368232376355,0.6805711148844611,0.47966821741260834,0.0386177594785608,0.003950512561996966,0.0383684885605966,-0.001893114686658981,0.006867252796009566,0.9999654619369239,0.004681428447521225,-0.0011157280511944142,0.9999970447160602,0.0021600254768707992
K9All.csv,0.04083194265975833,0.6643808829338603,1.244676159596305,0.044147266481713875,-0.022374252761549612,0.03620004256088172,-0.011744397377477456,0.005419959521970764,0.9999780958841161,0.0037989196829174335,0.01847750672558552,0.9996054286396368,0.02115582140625979
K1All.csv,0.03135526139685168,0.6746856009878897,178.55780884670227,0.053002957733020675,0.0011006509599476022,0.03951625022637484,-0.03530677079483868,0.00566747954193816,0.9999646363112615,0.006213356784212203,-0.014493875532511979,-0.999451395652641,-0.029779780053513512
K3All.csv,0.03486994031398548,0.6695365651892784,178.68185695813457,0.033813214645957816,0.0018316110797799157,0.031939126976830545,-0.01094855485915558,0.007134554660101918,0.9999631728551763,0.00476980746060228,0.014649155424905122,-0.9998186828666467,-0.012165674504158603
K14All.csv,0.025580791955841183,0.6700343396117902,1.2913337863770948,0.04060841414937158,0.002326023659880605,0.03845566283752544,-0.012837246955134995,0.0041584344832899175,0.9999860085481962,0.003269576500945907,-0.016280373080260358,0.9997859837853853,0.012764641736274725
M15All.csv,0.03508654106482793,0.6303038393682032,2.322436668589087,0.13510817415610554,-0.01312167084831295,0.13331542851452904,0.01757944816917112,0.005007354325165712,0.9999849860832101,0.0022257607295172624,0.0039000020432143727,0.9990789635760958,0.042731891179497675
M9All.csv,0.022145261841370643,0.6144651498346029,176.5373567869624,0.1338910512983878,-0.017495693973385157,0.13253294203419785,0.007465493013667945,0.006125891996711084,0.9999810952333846,0.0005316230667055813,0.04431146094108451,-0.9984467583643245,-0.03377225401182085
M5All.csv,0.029092349331751456,0.6326602344313121,1.7488360754755974,0.13487740090073314,-0.004109578014698634,0.134011395692043,0.014695933687550067,0.006371701022581057,0.9999751110278058,0.003029645359970575,-0.01415924121203082,0.9995717169851227,0.025610515256699787
M7All.csv,0.037810616690651104,0.6173698347144605,0.20927641046655215,0.1372960352402622,-0.006513962538228418,0.13514108519265267,0.023337880745647688,0.005710735309920782,0.999977984445511,0.003379071841917448,0.0030109451582372247,0.9999784186250894,0.005839220266436932
M3All.csv,0.0361425780272346,0.6377671755044376,1.5357387224821955,0.136224866177034,-0.008228809232027429,0.13497465729698277,0.016472484667947818,0.006779101170088358,0.9999589425847962,0.006013063447409614,-0.016565965322395567,0.9998371767585972,-0.007154632368921002
M13All.csv,0.02257786314798059,0.612718720554338,0.7065922496088277,0.13276050877907383,-0.0053865913725486825,0.13189222059354178,0.014169667306194622,0.0052521113536052625,0.9999706982126436,0.005569384386771004,-0.006982531407793993,0.9999502877105741,0.007118030814685237
M11All.csv,0.03145737540415587,0.6217957423568671,1.1081891107920412,0.13302108018189615,-0.01597651176050019,0.1318344370958302,0.0076837517106314035,0.0026669317309212636,0.9999793739558973,0.005842870691171414,-0.009598213169332693,0.9997376690172113,0.020795851797630056
M1All.csv,0.03308614859415407,0.6552942066243256,177.55274779817677,0.13676290249297648,-0.0155574355467257,0.13557606423118873,-0.009010466419306917,0.008181234365210144,0.9999403518745047,0.0072360277330778665,0.015908193335911473,-0.9994805350555905,0.02802836830387955
M8All.csv,0.03687713375491772,0.6210340932430831,179.22030621301326,0.1367504775922465,0.004916397017608376,0.13650447490339368,0.0065612874820063505,0.00520551937133059,0.9999745511581292,0.004878483798530455,-0.015228442006216812,-0.9998746847727136,0.004325425381319956
M4All.csv,0.03791315673445669,0.6307005570536696,177.8325722305962,0.13831287497686992,-0.00760613287378778,0.13626884053378396,0.022436604615041378,0.004451009514158407,0.9999809078608883,0.004286307037357563,0.02166109596357344,-0.9992644305397594,-0.031644822320674545
M14All.csv,0.027149932855482384,0.6314813034774821,178.90992201412192,0.13707235381176114,-0.008219444307418416,0.1360099709573952,0.014918401889692845,0.004751741224137653,0.9999839633642705,0.0030812285899236395,0.012639069478715365,-0.9998618518609947,-0.010794957888523384
M6All.csv,0.02816971345645978,0.6294678116968463,178.20753558816867,0.13245684956759612,0.006548713380834542,0.1321059042725239,0.00706833833140641,0.0015905353955292312,0.9999831163160681,0.005589032113039587,-0.03134661372098034,-0.9995003549575956,0.004053424215194706
M12All.csv,0.030335022031494543,0.6115636783768039,2.1270783874826376,0.13295946972147943,-0.010075329519137394,0.13162959681771702,0.01582269146836468,0.0057900407480680725,0.9999667435675152,0.0057434473198318325,-0.0313225787172529,0.9994885280154799,0.006448133679630229
M2All.csv,0.03168869789038114,0.6422382325701954,177.41903296909783,0.13301356535966583,-0.0005893565450099947,0.13165639378110283,0.018943473945085443,0.006668775578625712,0.9999645557007478,0.005139530570867457,0.013098814671809136,-0.9988739889765457,-0.045597973642232746
M10All.csv,0.03687618795045493,0.6174374906050913,1.7838879694974998,0.1311273846964683,0.007071816619967641,0.13092729681906423,0.0015567192045445877,0.0044813632176014286,0.9999684256489406,0.006562399629045859,0.0305035676686026,0.9994792678021817,-0.01052262291929043
R3All.csv,0.02736861038717488,0.6331164354412708,176.4581464009427,0.06464800958929254,-0.015194049163096801,0.06145262353078529,0.013117967642521156,0.005865803296473623,0.9999827754945938,-0.00020264702539195918,0.03335096346305691,-0.9983123967052224,-0.047540212670544105
R1All.csv,0.01417261078778529,0.6370228273617665,4.8382373805751895,0.06649850784685929,-0.014690883363909418,0.06442650208315293,0.007446832962831107,0.006291192199474345,0.9999797273899741,0.000982705338076909,-0.04363648338623026,0.9966637440145958,0.06897273870516894
R15All.csv,0.007239135207924186,0.6131868871646886,5.505783274484545,0.06748850157750527,-0.013399154674617025,0.06612806231851631,0.0014966205868701676,0.007872318558868326,0.9999689600628663,-0.00032482502599184794,-0.08253829788600243,0.9960775632469822,0.031889142008466036
R11All.csv,0.022095311625244335,0.6347330440760593,10.250861195690566,0.07057532178135448,-0.033125616428761384,0.06228011973442227,0.0021808866596702003,0.005495628556291632,0.999978689442644,0.0035240214730805934,-0.1386439157979919,0.9844404935019504,0.10795730343907489
R5All.csv,0.017138680568566062,0.6300094552871842,8.775576034031179,0.07051401096408255,-0.03224324692973107,0.06216883920973104,0.008224001519075097,0.008163646581639894,0.9999666211235386,0.00033393601698536446,-0.09803009114244962,0.989090084828595,0.10995865279442767
R9All.csv,0.023402407194890885,0.6233674157993847,10.748215426217445,0.06764555244651599,-0.033723647374535926,0.057996237182573074,0.008664458795275665,0.00638118054387633,0.9999787855139926,0.0013073090021892167,-0.1563760317147907,0.9833539686549247,0.09252842285343518
R13All.csv,0.009164367789020635,0.6277108590399005,7.037080152934035,0.06846135139355301,-0.017247745149850335,0.06602990047835844,0.0054336143307597284,0.005928595998971633,0.9999823198658118,0.0004601144095387902,-0.049460610712585465,0.9927273574402118,0.10975446131120252
R7All.csv,0.017428656143077734,0.6217941267035049,10.32132550240553,0.06652313191272784,-0.02556394855373792,0.06068456897265406,0.0094442947022646,0.007144090215659352,0.9999727753524716,0.0018467617240809854,-0.10362216672788108,0.9843219088855698,0.14273340972066478
R2All.csv,0.014745008619946388,0.6282564709797281,4.855985319193489,0.07249973973875884,-0.023373065535816667,0.06739484084370995,0.01295559714166783,0.009518950287996101,0.9999518449362075,-0.002386921466961186,0.015300994504590354,0.9965088588660433,0.0820729783099641
R14All.csv,0.009825212426932097,0.6272278602396697,6.3175252432947815,0.07315123491253951,-0.026962103744769872,0.06787094540281391,-0.004205104162093853,0.007799950171786786,0.999969095614694,0.0009841711484328995,-0.10131720511241293,0.9947330788476436,0.015521784513950747
R4All.csv,0.02185925646778383,0.6245886330366304,169.56234394609587,0.0634907870178044,-0.025813297375918892,0.05737871164427544,0.00851100257112336,0.00385240129085394,0.9999925359141522,-0.00029516144374736985,0.16318817610394792,-0.9841092872414958,-0.06998949881876156
R8All.csv,0.020975440981077734,0.6156824386095986,11.080279808732199,0.06494001672331982,-0.026236267949620057,0.05816500418787962,0.012070472398574283,0.007397838286894421,0.9999704115318249,-0.0021090399599907393,-0.1691154642629696,0.9827956280453876,0.07424764805697166
R10All.csv,0.021283591586898964,0.6299810134202369,8.173550903333718,0.07059938927655258,-0.03375680758020175,0.061538365392653116,0.007601400727218377,0.006646167535264661,0.9999779116684586,6.806086980592325e-05,-0.12139514670406475,0.9906664416660138,0.06199370704754227
R6All.csv,0.026333518530623674,0.6351495347966906,4.200859529020588,0.0646152350219608,-0.023556588490181662,0.06015519286079041,0.001252400706077128,0.005327433801634386,0.999985479541216,0.0008118841133752921,-0.06760286319226164,0.9976930484470903,-0.006199513574556368
R12All.csv,0.012644313044933148,0.6335082687108697,5.30688132153607,0.07148913227279602,-0.029334699861597868,0.06514343839327652,0.002550264976170613,0.0058380472252841245,0.9999806394268783,0.0021535960639637404,-0.0547824103115134,0.9958975988999089,0.07201985855205055
S1All.csv,0.042752482159247186,0.7407075970120078,1.5512706563679608,0.033625482985655826,0.005763582722271954,0.03262798339256179,-0.005733142241116082,-0.006834701280782068,0.9999754649667759,-0.0015350318834320906,-0.014082088108012019,0.9995193839987191,-0.02761694779189722
S3All.csv,0.0493898660939177,0.7434799404453032,0.9193851075831869,0.032994004296342284,0.014633948081870574,0.02927439189508707,-0.00417873930953222,-0.005540793526416491,0.9999822135841584,-0.0022072884778601143,0.009893448443783119,0.9999293046966529,-0.006595853755051657
S15All.csv,0.04900699337000268,0.7507671453910192,0.6695444134866637,0.03427585553265563,0.01759141225421257,0.029397177980523992,0.0010873886973914032,-0.007138724042982977,0.9999723789261308,-0.002068817017431758,0.004253087888113754,0.9999800368703572,-0.004673018743182727
S11All.csv,0.050115638226419186,0.735330029024193,0.8816349317089506,0.030568906910673165,0.013081818652369237,0.027597289542699466,0.0013090837850712606,-0.0059280206612608195,0.9999804647584194,-0.00198208793338624,0.0037585075435461104,0.9998958041206104,-0.013937522127102113
S7All.csv,0.05173974739248125,0.7368725810573037,0.7816764634057961,0.03498885676025334,0.017854812645322182,0.029857208073539532,0.003738032750436396,-0.005156768472647985,0.9999855785026405,-0.0015001752092820891,0.006636587782996046,0.9999430426347177,-0.008358659523039616
S13All.csv,0.04825003689239221,0.7557324488421302,0.49695499670958077,0.03573242813065069,0.020660092955540388,0.02692126818499485,0.011189830136875675,-0.005242404392822843,0.9999856616018324,-0.0010926055685763025,-0.002762536237617132,0.999951966007739,-0.009403939110450916
S5All.csv,0.04932967371252354,0.7306879582347622,0.6347337239584487,0.028626726095801316,0.005487465266382552,0.02740741686599857,-0.006181478192767043,-0.0031959121979616926,0.9999939116060484,-0.0014010339244070911,-0.013046059306398445,0.9998939670906979,-0.006469537247811923
S9All.csv,0.049058944785715555,0.7444022646751753,0.4238556623380168,0.031585825224936005,0.01654324703904897,0.026720578330223566,-0.0031616492916811956,-0.004654211988306273,0.9999891557279517,-0.00016351533848564298,-0.00028560800736550265,0.9999811491808852,-0.006133490926299782
S14All.csv,0.048514140630919585,0.749198676766838,0.9453819266553075,0.03248117747629878,0.014309215603604653,0.028578388315353198,0.00579214643748413,-0.007811025607027749,0.9999692983121563,-0.0006247495983755893,0.0017950623230293943,0.9998998261825031,-0.014039777471761085
S2All.csv,0.04867050655969696,0.7398652808221845,1.23124063894943,0.031095595945985623,0.008869508755479982,0.029732885564873746,0.002055095535147697,-0.006807053774305463,0.9999763442053091,-0.0009874455422715625,-0.0004927569855680113,0.9997681557628284,-0.02152653973927441
S6All.csv,0.050222042069257324,0.7322679664232458,1.2316460204796074,0.03401754557128272,0.014310669038960722,0.03085112247311428,0.0007787172147388222,-0.002419396368000041,0.9999969738143166,0.00044596347695266845,-0.01907219474880993,0.9997317078098757,-0.013143963900306973
S10All.csv,0.04913104585729577,0.7474856767183545,0.6815518264100427,0.028865616921236834,0.009118857135471115,0.027185001449995916,-0.003323549450539559,-0.004095546145880287,0.9999909748046961,-0.0011299605838094497,-0.006759026808922635,0.9998962175640614,-0.012722800701057331
S4All.csv,0.05032224075664393,0.7328843243537775,0.5710349258048044,0.030906423233773454,0.014065432029452873,0.027481681998347662,-0.0014586889564491834,-0.004373648233351468,0.9999851714296007,-0.0032447067730842225,-0.014339465348507692,0.9998920939138778,-0.003190652290594346
S8All.csv,0.049113970872014606,0.7397070263716982,0.9891065999152525,0.0314175490005885,0.016940809871920703,0.026334145651677465,0.002565953796164311,-0.002900894724299272,0.9999955855058564,-0.0006432562458812953,0.0018141691960874948,0.9998495761436185,-0.017249170285984414
S12All.csv,0.048935574536013694,0.7360825389862464,0.8591538585595536,0.031075931379876423,0.007797399033000918,0.029807591064292316,-0.004052356646553401,-0.0044020384919685185,0.9999895161826348,-0.0012607862368143017,-0.00308789570813888,0.9998640439288226,-0.01619748617521962
Gross-c6All.csv,0.007524274222996312,0.670955420106105,173.86021779394264,0.11643500666047434,0.0024761663127707625,0.11582126679577187,-0.011679620466386487,0.008378011137545069,0.9999628080068215,0.0020473232504798953,-0.07814679921870553,-0.9938078812823532,0.07898716903998707
Gross-c11All.csv,0.008279439321753313,0.6768207801949196,169.5014199855914,0.11819906028629845,-0.013706955729389216,0.1168294944784436,-0.011576114940164417,0.005383372650283648,0.9999836097748493,0.001949225633356645,-0.024560484821165872,-0.9834927683557056,0.17927285677809437
Gross-c13All.csv,0.005269448705293992,0.6625075177431968,171.24411774244598,0.11496651423391957,-0.004550529213982718,0.11487478319058231,-0.0006134051576472954,0.007549091193067672,0.9999696105292925,0.0019465970445004077,-0.028356250088836885,-0.9884516325461961,0.14885997849542562
Gross-c4All.csv,0.009888265321245817,0.670309708791988,176.37277172443774,0.12041275624494438,-0.009740147497072783,0.1192159286915877,-0.013853654371390078,0.005314683326118247,0.999983389576832,0.0022304061452452974,-0.06517891260009659,-0.9976164143884833,-0.022653898007504
Gross-c8All.csv,0.007214275735518503,0.6614403571163128,167.864887820617,0.11772278358962472,-0.009319814174942598,0.11587830098078311,-0.01854761983762865,0.0025106839438811756,0.9999925077459869,0.0029463397675260033,0.003877077165546,-0.9782822598009285,0.20724089468886261
Gross-c2All.csv,0.006230865947722906,0.6721864777263685,17.04688761920283,0.11585777994898944,-0.011591346555654414,0.11518740947309603,-0.004530624527864235,-0.001976346180152664,-0.9999956417492045,-0.0021932939550446556,-0.12238914217285418,-0.9564090047096736,0.26514658886820425
Gross-c15All.csv,0.003915183834463042,0.6657654508264556,169.19279979400795,0.11569054254910605,-0.0064017166891182295,0.11550704206695661,-0.001201204262853861,0.006339154502888683,0.9999788516768104,-0.001453037960906815,-0.08336436180013729,-0.9815055928651635,0.1723286231479247
Gross-c10All.csv,0.00869875411802066,0.6539768766141676,177.5391547815078,0.11641850748263616,-0.00016085030588406518,0.11640215382968289,-0.001944632478014685,0.004416296153223458,0.9999901025646427,-0.0005395378042529874,-0.03208620341146399,-0.9989279786999886,0.03336718329425651
Gross-c7All.csv,0.005101055866024204,0.6657555847881248,169.51947220455494,0.11910415060248836,-0.012927185806229466,0.11838808895369302,0.0017166687985507023,0.0018350198300413497,0.9999953905939347,0.0024189859669371113,-0.05745525132680416,-0.9836290505172963,0.1708004246874579
Gross-c5All.csv,0.00855300243581463,0.6670707593410272,174.76547068573453,0.1189668719129758,0.0031913454360489174,0.11875811071419529,-0.006280371538462615,0.0038798848560791595,0.9999924579016868,-0.000175023559498223,-0.09127903171959714,-0.9954783531118122,0.02628662880871715
Gross-c9All.csv,0.00602173318712816,0.6592522608522116,9.238208790049596,0.11874612349581443,0.0006967026963370163,0.11873470074457915,0.0014924107113541973,-0.0035911730224234997,-0.9999926387613205,-0.001351258485184187,-0.012106778839034806,-0.9872080344558808,0.15897711348461196
Gross-c12All.csv,0.005802717838054493,0.6676147434074843,173.68333258107597,0.1161878198603125,0.007603228056389161,0.11577418624780655,0.006175613789184187,0.006074236775989364,0.9999806124484314,0.0013705381606001431,-0.04978557877893246,-0.9937823402803468,0.09958943865974208
Gross-c1All.csv,0.005497458344733229,0.6790395326058103,172.15515525563518,0.11638555105805269,-0.0009734326112580474,0.11624825020823049,-0.005567157943023537,0.0037793544387897085,0.9999873915702736,0.0033065360281851336,-0.05354312539359726,-0.9908608183791264,0.12380618855345148
Gross-c14All.csv,0.006994275596105179,0.6760831427089645,171.72915420227264,0.1154819393464453,0.008826190578908984,0.11479652424959297,-0.00894062052060507,0.00409760054125111,0.9999914202329891,0.0006075608728245818,-0.040931448822750405,-0.9895239973248207,0.13844448423674496
Gross-c3All.csv,0.007890566518007094,0.6735826803157625,176.42961099337654,0.12222702078661941,0.01848665822846051,0.12034599292924231,-0.01070187197603989,0.005013112974223118,0.9999828781134628,0.003018638471851658,-0.024114912987246488,-0.9981250638229624,0.05625680349989321
G-F1All.csv,0.01736237073659619,0.7374183242375906,6.8349983476465015,0.1415034498247823,0.026987203100777235,0.13754538414838047,0.01939547577623535,0.0021164706356642127,0.9999732776923518,-0.006997460486727312,0.0649030798467927,0.9920261668633502,-0.10803552417981956
G-F14All.csv,0.023842087924487172,0.6871470285217216,2.333673603835754,0.14439837114101264,0.0037605335612404533,0.1440684318551495,-0.0090019396971186,0.002633826848595181,-0.9999784891552477,0.0060070111469935185,0.04305629020972164,-0.9990720255324244,0.0011152003919603706
G-F3All.csv,0.01533206808618271,0.6796688450201829,6.824493072245947,0.14200232149311995,0.02862935049274462,0.13855169396308664,0.012183911513063306,0.003356197407642184,0.9999446966608904,-0.00996692323243317,0.08473126348098568,0.9917238708567637,-0.09645919843018026
G-F10All.csv,0.019077555005790697,0.6916670965593966,174.71373070274296,0.1439125869137192,0.021624127232784507,0.14029548816084425,-0.023672891570941212,0.0017627689809453476,-0.9999653566614649,0.008134993695803804,-0.08715755047156568,0.9952805850682291,-0.042662845451729825
G-F7All.csv,0.02008398035616129,0.6956045311571757,5.599907051755224,0.1511058541038819,0.051623547223473454,0.14179071148805145,-0.00796132226716173,0.004535679144178215,0.999949750921316,-0.0089399802628117,0.07623394412922663,0.9942607099860752,-0.0750601514819108
G-F9All.csv,0.3417805959723739,0.7070186951000479,4.330872010609892,0.34708765948081843,0.23085883161163545,0.14584935928762754,0.21424753820329334,0.006138942303888548,-0.9999258874996694,0.010513462578442719,-0.03662226714540992,-0.9966785605227454,0.0727368994626369
G-F5All.csv,0.020019841649443624,0.6404969302902912,3.7744027186272024,0.15264648147527807,0.060901978057342265,0.13975201956834393,-0.007827541252182879,0.007361814576484918,0.9999488255269401,-0.0069390210717888085,-0.01485368229401186,0.997513308065427,-0.06889534349051694
G-F12All.csv,0.017423315420139942,0.7379044929990801,178.21217066221521,0.14655129820969975,-0.014815577097569421,0.14252850768161607,-0.03071491787822056,0.007606827920491658,-0.9999579355765396,0.005124767945295326,-0.023531093599074276,0.9992125224396116,-0.03194718507005093
G-F2All.csv,0.06462948998981752,0.6672123700745265,5.786634299817053,0.16220783965125365,0.08921245522761656,0.1344946681295962,-0.01623900616716134,0.007364281814686634,0.9998957665193321,-0.012418673442464846,0.08101864613074644,0.993403348103597,-0.0811527384362667
G-F15All.csv,0.02414113345263512,0.6948871901041643,177.70065625547562,0.1486847036895763,0.015129175883921209,0.1440497227305344,-0.03358461745482055,-0.0003952695039638049,-0.9999102234237585,0.013393612457775901,0.013928931010496883,0.9985939421381826,-0.051148055738504436
G-F6All.csv,0.02093120802720805,0.6685094215207349,3.1451076668510023,0.1466889643175429,0.005612622587033267,0.14486539779361207,-0.022364419114911938,0.0030243726876537074,0.999981380657477,-0.005300142282205628,0.055154627211071894,0.9982269367354245,-0.022381909503401375
G-F11All.csv,0.021737056303545225,0.7135228289337444,177.74806550994984,0.14975029352681898,0.039174376198989225,0.1434108754634813,-0.01799553999151937,0.00235284597668718,-0.9999503967845214,0.009678227435226405,-0.006258407768081179,0.9987905441127245,-0.04876762576972731
G-F13All.csv,0.018509666246004485,0.7185853974036154,4.509973860437445,0.14604531099873752,0.034429104578943104,0.13971144931898105,-0.024991609628032152,-0.005885302351063057,0.999913681535586,-0.011747029164343125,0.00986338887582025,0.9960051404183561,-0.08874950039349812
G-F8All.csv,0.018795065044964608,0.6768830076045299,4.320698717750372,0.14864658550251597,0.03205984552772562,0.14504882619428017,-0.00536765367331693,0.005044805181241075,0.9999752740692541,-0.00489910101987353,-0.06995266052379673,0.9975473845337532,0.0024167944702268435
G-F4All.csv,0.021501628832236944,0.7250894375263769,4.829894362916725,0.147713648777777,0.03606550671416159,0.1426700442684341,-0.012800770646264947,0.0009425862675171588,0.9999872070727035,-0.0049696299723813765,0.06032136120202808,0.9960837020522928,-0.06464202880892474
Gross-k8All.csv,0.009120423327924291,0.6518667194628318,15.807739384862908,0.12707617215524109,0.023626243464952124,0.12472545269523239,-0.00580651352643069,0.004991541461108159,-0.9999854310604035,-0.002054794583665606,-0.23070865265009233,-0.9630614697954515,-0.1388744864537899
Gross-k4All.csv,0.009057162712735453,0.660662229033652,18.166730084037404,0.12813319559431494,0.01929373720498151,0.12666886242131947,0.0009310267262114813,0.006729936058319582,-0.9999731945586046,-0.002884115966905561,-0.2408400845422572,-0.9512438380113359,-0.19269461415187794
Gross-k12All.csv,0.018572704084107893,0.6599070119989685,174.19180611096473,0.1307123348591994,0.028442849094873934,0.127342187404631,0.00779013008322349,0.005918891325813108,-0.9999769980580089,-0.003312111164404765,0.07314764034925543,0.9951018461124735,0.066496154587185
Gross-k10All.csv,0.010605099655947466,0.6718927564190125,13.005711250672716,0.13199014723415506,0.03414254182806331,0.12746558891338355,-0.0028652133214106534,0.0040978830677451785,-0.9999913074699842,-0.000769635520824736,-0.15580777978401802,-0.9748720578827345,-0.15921182907766893
Gross-k6All.csv,0.012529891874328673,0.6700594889786673,17.989146419890908,0.12143198606580263,0.02822158366955052,0.11810614522525964,0.0004559770802601282,0.0033581062700322926,-0.9999900014051694,-0.002953000502614646,-0.18949275716335107,-0.9510398683924459,-0.24416319073666704
Gross-k14All.csv,0.015075691584787354,0.6695393306147449,22.650701954266108,0.12330595489989875,0.017558925884392007,0.12202611835004795,0.002380982146590327,0.0039775905252557855,-0.9999906099895833,-0.0017200890309003686,-0.20732991407384987,-0.9231462462950516,-0.32375193386524487
Gross-k2All.csv,0.007253283601931915,0.7106434627327693,10.411313232621334,0.13239880007716956,0.03321815349228685,0.1269370848352822,-0.017691043891120417,0.005023382744068491,-0.9999811507525255,-0.003530405849509259,-0.1505396816133196,-0.9839731535710106,-0.09557529655345345
Gross-k9All.csv,0.010723288448999665,0.6510334040001047,2.5855382939236096,0.12955445217173817,0.017884732276799875,0.1282900882557454,-0.0024790490595079095,0.00209316805227092,-0.9999977872038285,-0.00021032106809465217,0.03060972701225032,-0.9989274339410996,0.034742284497214775
Gross-k13All.csv,0.013039714121726552,0.6743026396327441,171.04008181636826,0.12895461790254517,0.018977687682055322,0.12744007162817383,0.005307446847563124,0.002349723774017368,-0.9999926197243123,-0.003039620879839832,0.14980583307702725,0.9880462780219951,0.036369834519553126
Gross-k5All.csv,0.008569832364518977,0.65768540718148,18.37082863830103,0.12770750716902526,0.02701138497613742,0.12481208039167746,-0.0012397811496318578,0.004011569665179588,-0.9999725068909856,-0.006236406896556192,-0.231597283193631,-0.9486479530720315,-0.2154756588331355
Gross-k7All.csv,0.009979414004865655,0.6586992606719769,10.066712035034477,0.1293494876107643,0.014858067853954271,0.12464835720769796,-0.03119799368928544,0.008673185622856714,-0.9999575872370731,-0.003098318602433676,-0.13002141697918573,-0.9854348112337579,-0.10960229895131642
Gross-k11All.csv,0.005945424781655025,0.6500714140006801,15.219439214510697,0.12975254992925284,0.019670915144322954,0.12815439677827345,-0.005022937081524237,0.0008949925773864641,-0.9999984482622295,-0.0015173863777354398,-0.19820358004591798,-0.9648444720705964,-0.1725992050149537
Gross-k3All.csv,0.004943685265272957,0.681695578462197,169.40774100399892,0.13277551150629294,0.012467059590575702,0.1283167484076122,-0.03176036774063418,-0.009943859987116829,0.9999471572149694,0.002608146133976277,-0.1688845456011443,-0.984572189534862,-0.04577787513223607
Gross-k15All.csv,0.007769444798530869,0.6824972015201589,10.512858906266741,0.13040899555715363,0.0351153435001158,0.12558410564319566,-0.0014321951310005687,0.004357345607929806,-0.9999809930259507,-0.004362009409237765,-0.14575553747746747,-0.9833962169000846,-0.10810737200235791
Gross-k1All.csv,0.01181690996106404,0.6924374987774118,17.402707491793304,0.12639641060111986,0.019532276556979977,0.12485880320100695,-0.002195916337375703,0.0031437158336759924,-0.9999950557231656,7.46992655649354e-05,-0.12121044441974495,-0.9546322859123397,-0.27200225524312893
Groß-M7All.csv,0.00503287690395882,0.6123855989144358,168.4458603675122,0.10866138314728278,0.008564724601585055,0.10785839308627976,0.010025403773671893,-0.005271419518259747,0.999983975410665,-0.0020642330646605304,0.15784669131112722,-0.9791829205400744,-0.12761359709976328
Groß-M5All.csv,0.006100257511870103,0.624024443502882,9.037980309088391,0.10696194000515256,-0.004980000002700671,0.10599717254644658,0.013440819238342172,-0.007146321526349088,0.9999729301222594,-0.0017518879373072942,0.007022888661725166,0.9879324201774617,0.15472624921824826
Groß-M9All.csv,0.013189327728162357,0.6264235534413316,170.32501298495387,0.11223101666421723,-0.010704912094017957,0.11125634068841195,0.01016034522873932,-0.0037717763080360326,0.9999661495551642,-0.007312554088758796,0.14035695148201616,-0.9845127075689483,0.1050459652054011
Groß-M14All.csv,0.005253272217565717,0.6230504661944356,6.328561421951611,0.1017322955297664,0.017296631935534282,0.09455259541099359,-0.03331806084524336,-0.0064660408179378175,0.9999677598841265,-0.004761250724642362,0.08385284558861204,0.9947589728134096,0.058508856542440486
Groß-M10All.csv,0.012029208908472817,0.6241554585003066,10.615642416597721,0.11183167393636045,-0.006006085668064154,0.1107638710103711,0.014199123534718194,-0.005779379049212048,0.9999728756243141,-0.004565828889287408,-0.17397718253235625,0.9822278268728073,0.07043036330181196
Groß-M1All.csv,0.014177121307289034,0.6508539382268256,14.501510971606113,0.1054708276463998,-0.004272179472865248,0.1024568116991349,0.024666692186351535,-0.0058317455105066475,0.9999692102744546,-0.005250642568736498,-0.23438008783526926,0.9673123089784204,0.09681359060157242
Groß-M12All.csv,0.011425016420291305,0.6311183487517733,11.974050081014793,0.11388315928223974,0.021897389362461203,0.11134933904216249,-0.009550026287205138,-0.004092728145079351,0.9999895236558431,-0.0020499158250273392,-0.18065458941072213,0.9777314591328852,0.10679472433936921
Groß-M3All.csv,0.0032255815044893448,0.6281282433243577,167.85295704660138,0.09394421870311277,0.011705125528635507,0.09125067137890808,-0.019021599222875385,-0.01007642267815787,0.9999477226005365,-0.0017371735698459864,0.13593725569095477,-0.9759964754852846,0.1701527030508598
Groß-M6All.csv,0.014084305864071337,0.6255966205948928,156.51274845259042,0.11324112234655076,0.0007472176477492237,0.1100590438047071,0.026645831435459733,-0.005562285049419108,0.9999582238503029,-0.007253381223703849,0.09107299249036485,-0.9138094848391275,0.3958003732399687
Groß-M15All.csv,0.0042432315081408385,0.6268565724524926,172.78016680311282,0.10222033509161502,0.03862858825767436,0.0927971538860819,-0.01858809581705334,-0.008481148753403826,0.9999559792475645,-0.004013686941692332,0.11943134188472836,-0.9908496009706339,0.06287465969649024
Groß-M4All.csv,0.005832757911504659,0.6476570214972341,171.97433754256727,0.0972815818013048,0.03329539693815202,0.08985764353785797,-0.016754897741201202,-0.0029184364575658792,0.9999890075453575,-0.003669811588272885,0.10918854316480572,-0.9902167056301145,-0.0868834732995341
Groß-M8All.csv,0.010315735881200645,0.613895356577129,161.95978677598129,0.10826934583139697,0.0076393179299101555,0.10752163270569448,-0.010148426904014296,-0.00828174906353207,0.9999640322907993,-0.0018294144347523037,0.13593090672358626,-0.9492287827070713,0.2837032017404021
Groß-M11All.csv,0.003961896905283263,0.6278762113754972,10.379196064644988,0.1079523297526636,0.019503567917977596,0.10544458137115198,-0.012440120455974757,-0.0062080513113555134,0.9999796841436623,-0.0014461669532885178,-0.16643365697531404,0.9827404704465016,0.0807527434358237
Groß-M2All.csv,0.0038322192508980814,0.6559720380231534,15.448708845833798,0.10949110015721018,0.025379192786492005,0.10552718879007195,0.01442948416288048,-0.006230873750335417,0.9999580697414109,-0.0067108100359483565,-0.21806697965168742,0.9614257816997961,-0.16765219553744704
Groß-M13All.csv,0.002788569565347429,0.6282304109094791,165.12252771083482,0.11101371848740144,0.016828435548739445,0.10909666456765921,-0.011779950322203803,-0.003438063880095998,0.9999904176852087,-0.002710028508685147,0.25218150926172517,-0.9654410524677008,0.06578799735921957
G-R3All.csv,0.003458015774529593,0.630640967387845,12.195255720904406,0.1491550717642261,-0.021044511904658753,0.1471521012307555,0.012272858471423564,0.006117059578334883,0.9999797670892626,-0.0017455641550727704,-0.1700864782694024,0.9782868871472477,-0.11842869730627208
G-R14All.csv,0.019905560372005856,0.6317437771166989,31.26899813040649,0.14146003128379986,-0.005096281377749395,0.14014375329957462,0.018566011365945045,0.0035562333977895368,0.9999936762617108,2.531024143993208e-05,0.5162582008292791,0.8529073029226812,0.07763119667810352
G-R1All.csv,0.003961645426515805,0.6411417463563885,23.766872297593146,0.1518054981140127,-0.010964613665084312,0.15065270758807858,0.01511450300869488,0.002428706726344544,0.9999969203576263,0.0005105476476281144,0.3705512741239841,0.9142119459003425,0.16403740798427677
G-R5All.csv,0.0036477220627166365,0.6367002628239036,6.521971051535928,0.149403468153518,-0.015519969667416325,0.14780176643483678,0.015335079933397666,0.0047280328553540255,0.9999887136580853,-0.000467184937631203,0.11754173697870171,0.9929896640973739,0.012468643222681989
G-R12All.csv,0.024705013450130906,0.6235659528847751,11.126019722507847,0.14618543998954844,0.00396948310452333,0.1442497346227123,0.023376058908589736,0.0070197290530125194,0.9999751871377597,0.000590349747909918,0.18637181726458896,0.9798789962251531,0.07143317496990313
G-R9All.csv,0.012861627117583733,0.6281878285662019,24.71966736469537,0.1454544517059084,-0.009917161528147693,0.14394210013073283,0.018420619920218595,0.004115121314519251,0.9999896514373641,0.0019397924492422875,0.4091807100944319,0.9064881811665573,0.10416488799957295
G-R10All.csv,0.012825365778863845,0.6247276321767334,7.464745499976881,0.1535086198130443,-0.04154038440944813,0.14714552880552723,0.013692559021702966,0.003633636373211206,0.9999921310387279,0.0015920261716633915,-0.0912325468218925,0.9920031471670939,-0.08721455389424472
G-R7All.csv,0.0032936442386547384,0.6337782953600418,92.69816999569174,0.1507990725424122,-0.025814320188189174,0.14784288165047244,0.014712698534182889,0.002898735849415684,0.9999956504349591,0.0005444645436171308,-0.8887008556639288,-0.04425016514410206,-0.45634713982550673
G-R2All.csv,0.0033568889904755954,0.637160253170377,38.74977995636907,0.1486616333302428,-0.015748205376277212,0.14758909798415765,0.00835065315199135,0.005989469495938322,0.999980730256993,0.0016325960453456379,0.5885415105522018,0.7760065359489052,0.22678788883340734
G-R15All.csv,0.0027304032249524596,0.632129017126162,137.52397240805942,0.14674493346742185,-0.01725650405338161,0.14539813936152157,0.009781085646350274,0.0013309947706633264,0.9999983506122359,-0.0012358097462708568,-0.6518245133767078,-0.7369149265820125,-0.17911224062538328
G-R4All.csv,0.010065639120917722,0.6373883088560209,4.0573138028699605,0.15046594946642208,-0.030884750292430818,0.14717113714482655,0.005175957853840618,0.0030086458238229447,0.9999943929831809,-0.00147039195662379,-0.05448079278018865,0.9976004617731539,-0.042721913440664866
G-R8All.csv,0.0071716523439960085,0.6242535819121894,31.373952088249176,0.1508933017928583,-0.026503877213452633,0.14761870617107964,0.016584649739481594,0.0007199152254169072,0.9999995261310308,-0.0006553318107475898,-0.4424232103554311,0.8539269289219066,-0.2739899687959322
G-R13All.csv,0.005898637205651458,0.6335847933856618,18.077956711928636,0.15060595810138475,-0.012707304956812493,0.14898202341669564,0.018028746907030935,0.004448880047345767,0.9999900730157801,0.00024766150061604367,0.25912970557537224,0.949447889284062,0.17720186574204294
G-R11All.csv,0.006759382909631497,0.6228610545626448,30.158244592127176,0.14821103454109708,-0.013562868519825695,0.14642497491981143,0.01850097502805681,0.0027095342041851597,0.9999955397966289,-0.0012565075586237749,0.47956333027666587,0.8635415468787818,0.15593270685829014
G-R6All.csv,0.007342367518255192,0.6244877533924937,22.56218158700159,0.1502631264795922,-0.031658506140758554,0.14617196666970877,0.014508698365705452,0.005460478501533042,0.9999848114590736,0.0007483486458654274,-0.318857111775295,0.925372235525572,-0.20497894523272772
Groß-S3All.csv,0.004914350653754933,0.7733667590996813,12.781961831745805,0.08462189600299654,-0.004799298269406638,0.08312796530585853,-0.015085536230814323,0.001322182417199019,0.9999950624967127,0.0028507570664429885,0.030252470173980445,0.9758012240620613,-0.21655659576045
Groß-S14All.csv,0.01490861446831368,0.7783285418929318,20.75477076728757,0.0817139815205833,-0.02388530333670922,0.07645102647974023,-0.016183559888160448,0.0036327886256506937,0.9999933959529477,-0.00010439009723180173,-0.10121555662629586,0.9354442245052368,-0.3386731668388041
Groß-S1All.csv,0.026622158981448846,0.7563601755095133,10.36380380014495,0.0869239316617148,-0.02509444788169318,0.07780149990799412,-0.029545984382143065,0.004469407451859033,0.9999899363329456,-0.00038939679061350855,-0.023746333614057077,0.983732009940697,-0.17806584247947765
Groß-S12All.csv,0.027643375181623707,0.785687245373146,12.172096338635594,0.08251356054433037,-0.025354178921704367,0.07797829113779886,-0.00922168076533536,0.005547824769825657,0.9999770536384537,0.003887651846663174,-0.047769085736108635,0.9785845732659229,-0.20022574113706945
Groß-S9All.csv,0.005280021812334256,0.774966030440526,22.40069970254643,0.08332380080996064,0.005754933226975272,0.08297434645538049,-0.004999435495487536,0.0008990626148790964,0.9999968729604345,0.0023336143141479146,-0.16612524166599174,0.9254880007695825,-0.34040323810583395
Groß-S5All.csv,0.006708856973187092,0.7611688953016069,10.114406697270496,0.08290807831580078,0.0014963910292408178,0.08257141640420107,-0.007312417993427189,0.002552587040364428,0.9999967288606741,-0.00016299494731428668,0.12702709789056238,0.9841178138168738,-0.12400098761622663
Groß-S7All.csv,0.015546302217812677,0.7995568680579382,39.13238045385135,0.07875888179537027,0.010605358037901844,0.07772186075723675,-0.007056925887220289,0.0038941918395128286,0.9999919175915974,0.001000010698473127,0.6275995120502538,0.7731607841981979,0.09133046727303781
Groß-S10All.csv,0.02442564903645985,0.7732316533898753,13.895624887131817,0.08949256608114785,-0.031101521648899885,0.07865126366439523,-0.029250529207270892,0.003938301151887948,0.9999894465896373,0.0023656908904104513,0.021468091658462196,0.9712216849107058,-0.23720784093227662
Groß-S15All.csv,0.009811950788780562,0.7750124554425291,9.524408724077247,0.08107633207958224,-0.0017619352511831221,0.08000058583230873,-0.013045055543643325,0.005812752743572348,0.999980353175575,0.0023463095268028956,0.12939824802307454,0.9857349235673116,-0.10762320320592716
Groß-S2All.csv,0.012904536903445235,0.7783070016424755,9.211491249789823,0.08538835371332788,-0.009440397033971384,0.08480437415664688,-0.003204368520133505,0.0032399332130721424,0.9999946067748192,0.0005378234371504205,0.05359497724846013,0.9870172893743155,-0.15140821936049462
Groß-S8All.csv,0.05089612486652972,0.7679295566056846,21.466388539757517,0.07896720436831191,0.0340114320128473,0.06521013253988173,0.028752051619202135,0.005708024936795305,0.9999836616894996,-0.0003079048249102499,0.3549820832540806,0.9286544808194088,0.10765024766635214
Groß-S4All.csv,0.0061012987666101545,0.7710684146560919,23.815940372054115,0.08055445048201706,0.003953773131086616,0.08020203065173326,-0.00640479896843571,0.0023783877267948366,0.9999876408828408,0.004365930988059391,0.3929377050656876,0.913462323631438,0.10576645613598423
Groß-S13All.csv,0.019825800414144314,0.7792668260857777,9.681549741113944,0.07993967204623421,-0.0034678875042934276,0.07913970383882885,-0.01073462618909038,0.002421638605063413,0.9999966167105476,0.0009498599502674741,0.09238294193683232,0.9856713440490421,-0.141128996168938
Groß-S11All.csv,0.03458876799237309,0.7648463664825536,14.08554443272134,0.08195520671331608,-0.014697451415506865,0.07744156857868867,-0.02243756415887077,0.002449623330573786,0.9999913738864575,0.003354325299379619,-0.06791220765581707,0.97087881778116,-0.22974388617582372
Groß-S6All.csv,0.004662058521865885,0.7678762753321995,11.690014654637654,0.08464889978727674,-0.0033656339234861936,0.08385338816634791,-0.011077817317201255,0.0021073991830180584,0.9999940521152898,0.0027303118369713677,0.18699440081241434,0.9790886298480916,-0.08011584716517137
Drei-c2All.csv,0.04012524828562188,0.6902297075778349,2.0332090348331895,0.11524124389197196,-0.019575007521372072,0.11247510908001868,0.01570710704570044,0.007385815079466597,0.9999687873677002,0.00280606948997008,-0.024147405840324165,0.9996177571965436,-0.013462625618129736
Drei-c11All.csv,0.029290005914126768,0.6692884257477364,2.555425246368159,0.11569031963764802,-0.005872653268268843,0.11541689207087225,0.005357520522824344,0.006256519330156035,0.9999719258119608,0.004123536563402552,0.016166865408666437,0.9990947180397961,-0.03934941991743837
Drei-c13All.csv,0.02873598158080928,0.6818705035663456,2.9200397966086964,0.11589456262307093,-0.003809006826836308,0.11567444482372524,0.0060385368516695515,0.002396646113795434,0.9999970343682559,0.00043283033470193185,0.04487222057276255,0.9986090029250531,-0.027686514730123887
Drei-c4All.csv,0.0327009699749458,0.6957873157492801,1.2301877353569233,0.11726620808811182,0.009189811308313388,0.11662760794758587,0.008056797869261945,0.005518715763790917,0.9999832156212191,0.0017641576359712417,0.004441335114245073,0.9997964969494403,-0.019678395006462773
Drei-c8All.csv,0.029664338022019728,0.6730246557750628,1.6758896137539863,0.1173760166619902,-0.008045172372239503,0.11666080037485038,0.01013223296396526,0.004116151040100105,0.9999892101881714,0.0021533248365257964,0.01566586710603707,0.9995717773719002,-0.02471522788477961
Drei-c6All.csv,0.035708772284309624,0.6860553230824038,177.56259979251925,0.11993221770555139,-0.004625648049541834,0.11945556166690441,0.009628551850509037,0.002999845507750604,0.9999861922111255,0.0043146626779134705,-0.0045882099797868135,-0.9992600799594336,0.03818692091080224
Drei-c15All.csv,0.024605984055402912,0.6841057233788228,2.463132432554833,0.12007857388167503,0.004237936408657723,0.11718871369024342,0.025840069351285022,0.008273326738381584,0.9999571375463967,0.004156336691901611,0.012478538638241738,0.999176174685785,-0.038616809989120926
Drei-c10All.csv,0.029629839129976517,0.6840375768030881,2.272632450082858,0.11975745565594921,-0.018127031496572632,0.11833235213131865,0.00327312593379947,0.0034660069844535436,0.9999854806160524,0.004126178942606983,-0.0032640944324526452,0.9993835101348659,-0.034956335020289206
Drei-c3All.csv,0.03910835965237219,0.6722162295274632,1.2163297352406026,0.12081491431381478,-0.021747207692507396,0.11705817536423524,0.02051063281884069,0.0016829467909003112,0.9999985420107075,0.00028925172199424274,0.009689047803796124,0.9997654285205595,-0.019370345576643154
Drei-c1All.csv,0.03292834328955135,0.7004365420156344,178.34127632694143,0.11260842333427087,-0.011303692077224505,0.11177915938163907,0.007635645302643601,0.0008749567124903386,0.9999962283025084,0.0026034268779762683,-0.0053604569652295105,-0.9996477262542751,0.02599401653806034
Drei-c12All.csv,0.021102509392169476,0.6820984328465184,1.5429783639218513,0.11679955218138814,-0.011917573797121342,0.11601014115979602,0.006461731397016002,0.003939357908939017,0.9999906317052878,0.0017938675884085096,-0.007400153557600395,0.999716520721339,-0.02262997843889007
Drei-c5All.csv,0.03133652303747028,0.6791875479564203,2.23023292695503,0.11892990547537521,-0.005383269536225836,0.11802548882215547,0.013613479120830219,0.0025336315015199633,0.9999961095161687,0.0011669035698756538,0.019865977438984904,0.9992353715173168,-0.033675142895669856
Drei-c9All.csv,0.032326528185551484,0.6772396308465805,175.00827598369884,0.12023911055122449,0.0040728627053852225,0.11977816049884282,0.009697822593041971,0.0059037035353246845,0.9999723522877528,0.004521166294767056,0.04121400773548484,-0.9967885664566469,0.0686582795275384
Drei-c14All.csv,0.030846134566718128,0.6874517421928495,3.9333278607438658,0.11829086832472424,-0.005460431585138096,0.11550497412299654,0.02493018589515883,0.0014254369491979967,0.9999938529268098,0.003203472818288514,0.04549659200195358,0.997743971035942,-0.04936626760894053
Drei-c7All.csv,0.02981388358566327,0.683471644186736,2.9929851337234816,0.11694694936950677,-0.011411323501502847,0.11584039211934916,0.011286018625425775,0.004944080753235382,0.9999877212735274,0.00033670117835506467,0.018508862146735416,0.9985735497359094,-0.05008280932474695
3-F8All.csv,0.0849740782905992,0.7029071872913512,1.0261245568438573,0.14230569798895298,0.0568088828146662,0.13042579808792487,-0.00357403226069275,0.003935592142547614,0.9999395149448258,-0.01027022718322938,-0.010622286690000456,0.9999435690341212,0.0001605390262688633
3-F4All.csv,0.0867697449454624,0.7179744576102921,0.3605011451805517,0.13730445111947576,0.008717270064118376,0.13274039854595943,0.03400747114546432,0.003623580849391899,0.9999765401235509,-0.005812818968522328,-0.002384950059387671,0.9999676655394345,-0.0076798365105265765
3-F12All.csv,0.07806215711360685,0.7225874149269157,1.9842469092642667,0.14037615062151163,0.04207191603999963,0.13345673094013089,0.011167744213137043,0.002489126861115291,0.9999847518282693,-0.004929539372352954,-0.031215723431134428,0.9995081476999412,0.003006874141830821
3-F10All.csv,0.08447163970584137,0.7099153682226859,1.019618983586609,0.13178888208868447,0.02880196844293123,0.1285437074080391,0.003907856419317457,0.004242609332345156,0.9999581316143815,-0.008107729912167645,-0.012872168323738267,0.9999119230005848,-0.0032331909807594332
3-F6All.csv,0.08769770160675698,0.7117833648482433,0.634175201197706,0.13832502097656763,0.012791655721627493,0.1320528984391296,0.03914354334870762,-0.00029908418076653436,0.999944409199008,-0.010539879520167293,-0.002744014454878056,0.9999962026792392,0.00025497406465596975
3-F14All.csv,0.08890051694405662,0.6866003620074966,1.8402267096925082,0.13143014500259947,0.011743156963370555,0.1291663541713124,0.021261096632795184,0.016022043096557387,0.9998711551124908,-0.000983518696098281,-0.013882795000682919,0.9998230272008034,-0.012695758425208743
3-F2All.csv,0.06204520488517127,0.6821167172215994,2.4921556376112703,0.14098291661972032,0.003822193013968217,0.12925587678412676,0.05616486389134778,0.010266387529064683,0.9998897359397664,-0.01072927068386314,-0.032044313470534186,0.9994862273619776,-0.0006657987105783292
3-F13All.csv,0.08598125741145668,0.7181328752251821,1.704232130764823,0.1334071338756044,0.02079249363544239,0.13153609511669972,0.007961862770360262,0.010858049003862443,0.9999204958579782,-0.00641129744788652,-0.01887680716273648,0.9997965233114229,-0.007111829984829287
3-F9All.csv,0.08582117394387655,0.7173145416580231,179.56061192400318,0.13030499722723926,0.023862387676958613,0.1268877785381637,0.01759177121256661,-0.0014002585371106738,0.9999917880392117,-0.003803042225483882,-0.005802675270555451,-0.9999824786470248,0.0011710502365699928
3-F5All.csv,0.09300832997944822,0.8013653708715299,1.4123700120425629,0.14246799271528912,0.01922117412546745,0.14007248040195686,0.01753213186140079,0.006250658117061354,0.9999783850002055,-0.002039314954493156,-0.015737966763689673,0.9997892996295258,-0.013178495682259851
3-F7All.csv,0.08706258923496157,0.701168794920873,0.9937698578547068,0.1347903944106846,0.006330968119925395,0.13303617106314292,0.020730326985134107,0.002312720358347991,0.999966688554554,-0.00782771395642963,-0.014190136432591462,0.9998962112278026,-0.0024913450802770045
3-F11All.csv,0.08238468859956657,0.7006832651593456,1.1750059605209024,0.12424796614454313,0.0035797962079123224,0.12415406961433995,0.0032417816649155107,0.005269196846787485,0.9999738970143579,-0.0049437692612762174,-0.011008385370939273,0.9999110553119555,0.007529735483819039
3-F3All.csv,0.08931302287781641,0.7300285469449563,178.9381263430215,0.13401701958087125,0.020818431761798234,0.13149720375231033,0.0153505648639507,-0.00137801207460414,0.9999801369910465,-0.006150341949113056,0.010278639114987498,-0.9998961123278812,-0.01010515361255263
3-F15All.csv,0.04278950094571885,0.6836661880591441,0.7517404371301455,0.144370839177348,0.04431854435091659,0.1349372294928981,0.025898840286168623,0.0006633129176792635,0.9999981217332551,-0.0018211386371483952,0.002576878357983014,0.9998871442943118,-0.014800620692891267
3-F1All.csv,0.082856590156362,0.6782738443831361,177.22653191068025,0.13726548315540785,-0.004260693362283796,0.1346830860406072,0.0261557965380248,0.0034360410161565777,0.999938039734059,-0.010588215852618233,0.019654522032687416,-0.9992963467132898,-0.031945441132335564
Drei-k12All.csv,0.05554852566071955,0.6928003950285189,1.0120551543914287,0.12000216450330625,0.02268125483371153,0.11776276315381096,-0.004244028631646524,-0.0034784119876386833,0.9999843650991702,0.00437837952373861,0.012942658062965174,0.9998569968801305,0.01088454831911404
Drei-k2All.csv,0.06078903697518455,0.7244836585111739,1.7321564339742936,0.10622569830797557,0.0014136929992680791,0.10583568707635482,-0.008983751677153817,0.00015721730007841884,-0.9999989145859066,-0.0014649606576347689,0.02588704591645645,-0.9995146831221294,-0.017327985370169774
Drei-k10All.csv,0.045159055905287626,0.6997755664298704,178.54829515957064,0.12436872573936461,0.022356359336408227,0.12192068819246193,-0.010154749131867202,0.004302093818383711,-0.999989257717498,-0.0017252357476593635,-0.02098052177148904,0.9995636392427876,0.02079299906003728
Drei-k6All.csv,0.029521836969552562,0.6945276704019833,178.3950902141357,0.12378432271142033,0.008372286072997337,0.12347739352497533,0.0024076260746481726,0.004622048052129438,-0.9999867990374783,-0.002244643085609687,-0.009360959262412314,0.9995106510167481,0.02984679121384654
Drei-k14All.csv,0.05023495211291195,0.6723516512760016,2.581392026970698,0.11968857813079536,0.009111231945315268,0.11923900469851789,0.004939731360813049,-0.004538144005693603,0.9999863477035674,0.002590300265093174,-0.041693798390501455,0.9987370549923268,0.028034303291265664
Drei-k8All.csv,0.06099099464337771,0.6859970403326259,1.2958413768415789,0.11586089392966352,-0.003023591821883498,0.11582113397924765,-0.0002637393344664396,0.0035008683567088507,-0.9999921783523062,-0.0018404224944982527,0.01840113058366885,-0.9996529585332462,-0.018851018247560733
Drei-k4All.csv,0.03038052213807908,0.6831650840860198,1.6860459321054528,0.11636226208755014,0.005080134127784075,0.11574166407755926,0.010873613563708417,0.0024869455950095876,-0.9999934012543255,-0.0026481218651330015,-0.007434898088753476,-0.9995117793422887,-0.030346750178909063
Drei-k1All.csv,0.057191123809008364,0.6889676154636525,179.69214476794758,0.10812161832804598,0.006448062035457225,0.10782847279031271,0.004661255364313055,0.0030264520836832407,-0.9999887785026136,-0.0036446476697014453,-0.008292435062800306,0.9999622951958167,0.002577539028697599
Drei-k13All.csv,0.05233257136287152,0.6681676906694364,0.9740290349200134,0.12323939446043138,0.027268163336598206,0.1184779254653352,-0.02018357730068887,-0.007178083348027808,0.9999452914565847,0.007608496123042707,0.008320821514965111,0.9999651863967689,0.0006244387808025753
Drei-k11All.csv,0.05041486136553166,0.6853885939083989,179.44373310366174,0.12460142917046454,0.0064935824578756796,0.12171306804253623,-0.025870419514534504,0.004227122077611798,-0.9999851856425657,-0.0034292760671446004,-0.008815932800930806,0.999889319651541,0.011984480615707959
Drei-k3All.csv,0.05205672787460865,0.6919906060707255,178.99161652168465,0.1195920234558308,0.023537284867473418,0.11494725888462298,-0.02313819289051877,-0.00040132800531682755,-0.999999815735503,-0.000455483030799379,0.012370209352722568,0.9998342665296932,0.013357297391291848
Drei-k15All.csv,0.04651707698504069,0.6756965198157732,178.58788706964222,0.12368649233552623,0.025560328992307868,0.12033524575473664,-0.012823673312210904,0.007645451919280768,-0.9999682361355033,-0.002252506381672079,-0.017899379457243222,0.999535657210411,0.024659322375054717
Drei-k7All.csv,0.06224571163955725,0.7001953243445048,0.35421604303842524,0.11536674539481179,0.009855977179557773,0.11477593008321652,-0.006231495034095591,0.0028418463395253465,-0.9999908629502279,-0.003193419083213406,0.008259004817685038,-0.9999468457642232,-0.006172073039303291
Drei-k9All.csv,0.056591282844412186,0.6868030002673221,177.4957052382522,0.11575776889613121,-0.010118366022960457,0.11531368954908494,0.00048242244224394604,0.003379288779205935,-0.99998742778896,-0.0037046823569748715,-0.04677631409514555,0.9989044665363842,-0.001357635198912242
Drei-k5All.csv,0.05639954509847131,0.7003947528153166,179.5421806142453,0.11175957724673809,0.006739947533878854,0.11116675700686685,-0.009312805709688066,-0.006530627974380974,0.9999649443116645,0.0052403288093075505,-0.0011318702104222195,-0.9999949344703923,-0.0029748787171894665
3-M12All.csv,0.019446124921243944,0.6182400594302478,2.4741375837156765,0.09426257407329526,-0.012990825782393661,0.09276083816791036,0.010587644629553639,0.0024525067723424436,0.9999836796301075,0.005160008135777317,-0.023183321695960477,0.9992935963195071,-0.02957772726169918
3-M2All.csv,0.04507711410747165,0.6235141770958091,2.3550660345519745,0.1003404409552521,0.013690456112458449,0.0976718360223765,0.0184658590524589,0.004862263941119086,0.9999874720960229,0.0011891342956785586,-0.03619912814819625,0.9993404834108744,0.002867287468880657
3-M10All.csv,0.048575217183953835,0.6250619181145364,2.926755338196598,0.1026723437276969,-0.000624522388357307,0.09934935345187745,0.02590224135125585,0.00834000424703998,0.9999504504613609,0.00543515880915907,-0.03670732994363816,0.9991524955456164,-0.018624246921047447
3-M6All.csv,0.03408907756736953,0.6168705974721501,3.2515045301209358,0.09382225641940435,0.0035046940131849558,0.09368935940411394,-0.00355483529142675,0.007112566331744583,0.9999679111759943,0.0036861929542488796,-0.04937659140187428,0.9987790617830239,-0.0015290406647984634
3-M14All.csv,0.029713125284383538,0.613044660284854,179.40497275290244,0.10380554548210506,-0.04328708655284308,0.09348984806721017,0.012706994883685763,0.0033592446309840067,0.9999941770227818,0.0006011622395084034,0.0007692952513769264,-0.9999598486302222,0.008928007181879881
3-M8All.csv,0.03352222642664981,0.6272844433594733,3.4070593780365908,0.09101897736314471,0.008518593765535848,0.09049759126111345,-0.0046982737709571065,0.002735852226393023,0.9999690683481021,0.0073741073780595485,-0.048552722267966496,0.9985633838432315,-0.02266719232558341
3-M4All.csv,0.04821862977917113,0.6171227350721766,178.49871202506358,0.09794155161005101,0.0013561039847874434,0.09331259297381722,0.029723198116445082,0.004113328533462648,0.9999788431502734,0.005039224168038982,0.012073834474425364,-0.9998059807694476,0.015563525909240941
3-M1All.csv,0.022119452043045478,0.6251589838338878,3.829595834283019,0.09246885190066947,0.009350343771841574,0.09059276165367058,0.016000349344235,0.004247843513178822,0.9999884935387335,0.0022290391701154976,-0.05237054647226902,0.9980750921870594,-0.03321801044597625
3-M13All.csv,0.044477057693685575,0.6089505038626658,0.4933852509967705,0.09929514993473992,-0.017543506128127162,0.09161250251123021,0.03404264350670616,-0.00018667614010022123,0.9999981819944003,0.0018976722355906906,0.001825423481990157,0.9999773702122113,-0.006475097882012426
3-M11All.csv,0.05119284514811349,0.6044994506076518,1.6489670671949486,0.09971926310246165,0.0015062276160709431,0.09582453308444516,0.02755579015768972,0.005238644480981144,0.9999862645922394,-0.00016501775953983537,-0.023431718624571992,0.9997219321643387,-0.002648190306807756
3-M3All.csv,0.045618759934718575,0.6149897301231374,2.441411790489482,0.10115826504427641,0.015078603795964707,0.09792386779808715,0.020409468630886662,-0.0001220331137389919,0.9999996554604094,0.0008210889004877181,-0.040244193059240485,0.9990988118367251,-0.013489592708988172
3-M15All.csv,0.025533060347694106,0.6159826913351965,176.58780675417265,0.09685212374144461,-4.813351911117647e-05,0.09487650048091312,0.019462302353209116,0.0034009899649444747,0.999992913116929,0.0016146154889769531,0.03834988035419768,-0.9984305839211178,0.040812446235856364
3-M7All.csv,0.05045009402113421,0.6039556294413143,2.1635334957493324,0.09691324209193151,0.0018125428457353154,0.09328032504788286,0.026223503582912366,0.009408118855625818,0.9999474123215704,0.004081652973295286,-0.024741839217877468,0.9996215647428042,-0.012023672203826812
3-M9All.csv,0.021995978138124973,0.623261001306516,2.777276385524282,0.09599599294004334,-0.002518999950738343,0.09303788217824605,0.023512502622643927,0.005377777790616845,0.9999781748288064,0.00383788640851241,-0.02734472671507357,0.9991167443199784,-0.03190606745314776
3-M5All.csv,0.04774404586424104,0.6034472590806155,2.1303152250575534,0.09719613702922993,0.01577029282685058,0.0926615875947352,0.024743021278401778,0.004117920408325907,0.9999876920030257,0.002767412866172465,-0.03258444289075949,0.9994640447372192,-0.0031428265966551663
3-R6All.csv,0.02439940711241292,0.6193671744947803,2.732975170290477,0.14452155609645226,-0.031806569355131556,0.1409518328570547,-0.002720870565483202,0.006796343578506931,0.9999768919847518,-0.0001587780802136397,0.03555530821908409,0.9986500417673789,0.03786705871148937
3-R10All.csv,0.025061533754748788,0.6354546115519757,0.5700561748162651,0.1466118415035657,-0.015024195092711606,0.14582181439581188,-0.0023030582268370736,0.0012138691509368644,0.9999935912878265,-0.003368071400651303,0.002167289966338602,0.9999095843838948,-0.013271243778476247
3-R4All.csv,0.027671408562967906,0.6436792637530473,0.7286220034800378,0.14581744934067656,-0.021329889277354075,0.14380478117629814,-0.011311466150486393,0.004688525582310457,0.9999869379045004,-0.0020351285573869623,0.010783196324563232,0.9999002173464455,0.00912567956685183
3-R8All.csv,0.024453017361131868,0.635539070995472,2.8434164652386094,0.14625153196005464,-0.019159471969675268,0.1447308794208273,-0.008683189309237727,0.0012019603187261839,0.9999992441274316,0.0002589130312143561,-0.04364187876458884,0.9988164857733351,0.02147124042298622
3-R12All.csv,0.02379006252977354,0.6284216459183286,2.0496877947884515,0.14480819429269054,-0.02599222991146781,0.1424169411140177,-0.0033514179484842588,0.003915947678091769,0.9999923311281773,5.5123644608383294e-05,-0.025123397486457894,0.9994650783693362,0.020937335525693598
3-R14All.csv,0.02655553067326044,0.6300006959116252,1.8341970746265288,0.1422132489185286,-0.026161898228432626,0.13961421530744222,-0.0069306661393887525,0.00797894065257515,0.9999666763887255,-0.0017270258099812248,0.03864475772028468,0.9991938006677908,-0.010878024075914696
3-R2All.csv,0.025888111865590924,0.6540402986082603,3.5827590866497356,0.14528723925365583,-0.01639593631834697,0.14415759808459416,0.007625095191166831,0.005053324409414159,0.9999865712139612,-0.0011494799515435717,0.058509292650176375,0.9977248083292715,-0.033494320681193845
3-R11All.csv,0.019892236183730674,0.6323797079727311,175.24318453747279,0.14544460902988754,-0.03218409918316194,0.14181637945564263,-0.0025362519035829756,0.0017421512065433921,0.9999974896265172,0.0014091308797330932,0.04307178416713099,-0.9965328780443703,-0.07118317487485706
3-R7All.csv,0.015484661435603786,0.6381510011427646,178.52216513434342,0.14769529691031866,-0.007038799418475017,0.14744303312769858,0.00499079295082816,0.005003842533635998,0.9999873528006554,-0.0005057653959039205,-0.030496764778752506,-0.9995251930548267,0.004397247632423307
3-R13All.csv,0.02308668036272001,0.6279220737640501,3.204240787708575,0.1442470829658557,-0.03247083683253173,0.14054485482507495,9.737428902789613e-05,0.00037929715482702204,0.9999965789522159,-0.0025880914846334556,-0.04806146937689408,0.9985237688127047,0.025305696540615784
3-R5All.csv,0.027852967977364498,0.6315829781220986,178.66447573197547,0.14263605162700427,-0.022051972501900795,0.1408563608293063,-0.004270754785878461,0.005122244432852992,0.9999838894403776,-0.0024461135837184032,-0.027986002047504926,-0.9996061697116865,-0.0020710296300385164
3-R9All.csv,0.026425632879974528,0.6457217637762411,3.5161499157676745,0.1504505862506803,-0.019206437773471086,0.14900941619858732,-0.007917419742780263,0.001273161302865767,0.9999946465896484,0.0030142747622226825,-0.04049297850090508,0.9980300005070828,0.047921151696897174
3-R1All.csv,0.015649767857030632,0.6529580774749034,178.26812682058605,0.1510277087920541,-0.005220236919701617,0.15012077644697674,0.01568025600672751,0.000992215522665655,0.9999959130156474,-0.002681316907448195,0.011407564856711221,-0.9994775185293981,0.030241650390760613
3-R3All.csv,0.01942526920720328,0.6409376484320429,179.69021276206576,0.14566246617608816,-0.01758845620318627,0.14455768272274683,0.003358068897192368,0.0026413080754527705,0.999996136586713,-0.0008662004950846763,-0.007759787884981126,-0.9999664915170632,0.0026079752750858545
3-R15All.csv,0.025089390224299474,0.6285472728136497,1.6985829947717146,0.14238851001693278,-0.031320776310325524,0.138860703116787,-0.0033469218802153478,0.0006432071905502779,0.9999980726965033,-0.0018549630152770466,-0.028327611045440845,0.9995656682732137,-0.008125346883828407
3-S4All.csv,0.02956856349330227,0.7470613792172952,1.5513729575746447,0.0846246508821439,-0.0031946523575149197,0.08442309634237888,-0.004885339006125977,0.003452149970280191,0.9999925081902931,0.0017510636396084974,0.0023744698762147853,0.9996770488722986,-0.02530138041252753
3-S8All.csv,0.030796733508092262,0.7493094167535261,1.8710739314895146,0.0875413952182542,-0.013120642015639353,0.08613288596216395,-0.008512965739674971,0.0037000917242866506,0.9999919346946441,0.001562007328650846,-0.018695378994365724,0.9995787397251198,-0.022199682290474535
3-S10All.csv,0.05283345198696637,0.7550405939092408,1.0269282824484363,0.08723915443195067,-0.012126204959091499,0.08637255660917353,-0.0018457204790965909,0.0013822376428311764,0.999999034259392,0.00014456618542216476,0.012117716205453129,0.9998256521188587,-0.014206559015550397
3-S6All.csv,0.05573478242663554,0.746168162141102,1.46286944597753,0.08512215543073011,-0.00866731567345742,0.08467697489569281,0.0006847676279028159,0.005294981389013181,0.9999859603161497,0.00020577336733241332,-0.013004288414695832,0.9997605937628122,-0.017596694060434737
3-S12All.csv,0.05511212809065022,0.7639792417761814,0.06806241824925677,0.08270930528357613,-0.007976532774767668,0.08223482023717099,0.0038260222091651697,0.002372827035384632,0.999997152866862,0.00025288343288359477,0.0029418761346303637,0.999995360730765,-0.0007898618583080472
3-S2All.csv,0.03424548616960269,0.7427348921658946,2.0200767369070602,0.08813194343617708,0.0006977471223610591,0.08659982021603274,-0.016346979578550913,0.0035263806835376383,0.9999891100240151,0.003056873018752038,-0.00762479053836984,0.9995091918203592,-0.030384832332244704
3-S14All.csv,0.05157108368413951,0.7594724207676499,0.783063656454518,0.08251848682865,0.0008590125330023221,0.08250722034232161,-0.0010589416139801244,0.0030180764091716538,0.9999953843283051,0.00035005267316920566,0.004048660983431847,0.9999036514142852,-0.01327765915442225
3-S11All.csv,0.05215615866372305,0.7581811440770001,1.7549518451037045,0.08494430683596836,-0.0055881502229096144,0.08443251671026752,0.007447010332994886,0.0053175244699823505,0.9999721757996722,0.005231783632776224,-0.0014372925682662589,0.9996953242156154,-0.024641285102638653
3-S5All.csv,0.04794084803415239,0.7490369537603315,2.6700928661485435,0.08653442386542314,-0.024804389040740053,0.08246042853301949,-0.008557249802776168,0.003181769272306824,0.9999941487222147,0.0012565292002435845,-0.03666019353607089,0.9990655806499749,-0.02289095389945423
3-S9All.csv,0.04472448905467974,0.7834592915023398,1.4535603062839784,0.08727770630053999,-0.0106545204899793,0.08659720635980062,0.0021915886680754504,0.0017352322655847176,0.9999980234813128,0.0009705681078851141,0.008307859615711396,0.9996886109925387,-0.02352999193401568
3-S13All.csv,0.053582258566564255,0.7644388939328897,1.6757792731269336,0.08487801267883222,-0.0014691434469358486,0.08331104946150436,-0.016167488718508594,0.003383640181410542,0.9999913892224683,0.0024025944395720646,0.007052734482486377,0.9996209902266497,-0.02661080296819444
3-S7All.csv,0.0517593080914586,0.7658878113349985,1.5723619447439576,0.08582850196007356,-0.01280092236524085,0.0848155695210917,-0.002997882940057761,0.0024370400554126195,0.9999917852640526,0.00323886402636077,-0.007824067596037945,0.999722686309385,-0.022211133347901393
3-S3All.csv,0.054111228751830644,0.7391706164597338,0.981554877583698,0.08392551749865879,-0.00464406684455981,0.08372709152919788,0.0034204202405934137,0.0023284878670375925,0.99999728847543,-3.4438934069483745e-05,0.012814561534279534,0.9998256665767948,-0.013580260194576727
3-S1All.csv,0.02645680313073476,0.7453166392001581,3.10607811151444,0.08739271572313187,-0.002763138925311815,0.08499509472070743,-0.020141640900421698,0.00549936391889749,0.9999833383859518,0.0017549777704695835,-0.003043121795327437,0.998655132625896,-0.05175582565947444
3-S15All.csv,0.05215099470484197,0.7634970095022782,2.219130471725209,0.08199897689002601,-0.005730349164668597,0.08175044960268951,0.0028034441710375058,0.002595635449673973,0.9999891406673355,0.003870558618072231,-0.0085539235077508,0.9994116560925157,-0.03321403406753076
Mai10All.csv,0.04057490212808339,0.7190693512764027,177.90177890261404,0.05851135361713565,0.006826710598626717,0.05062682364963056,-0.02852891956701653,0.007761134087343022,0.9999658720312338,-0.002831884618488538,0.007151644126543165,-0.9995058299347505,-0.030609637579235453
Mai2All.csv,0.04165948179054128,0.791778883613949,1.6438603602541935,0.06077789594542198,-0.008775615993145969,0.05098383769557957,-0.03189967857712961,0.003345750849785564,0.9999919997247603,-0.002192358941087974,-0.00928765737355062,0.9996791811329935,0.023564257462912564
Mai12All.csv,0.040679476371827124,0.7407927405837802,1.5768774019743166,0.06423398678097006,0.0032182226584972495,0.052275194629783694,-0.037188064309888524,0.006788926297705337,0.9999756294522463,-0.001628183437923867,-0.01490890023178318,0.9997717932585215,0.015299872500072207
Mai6All.csv,0.04288772054337335,0.7315334866057923,1.5144695693711756,0.05400044166413457,-0.0056463953598479,0.04870178550616999,-0.02263408950836987,0.002067711519191283,0.9999936962037317,-0.0028865415071392293,0.028430920527086304,0.9995845036172446,-0.004743720717989612
Mai14All.csv,0.04165489837653896,0.7288926216928576,178.48484510593957,0.052920812540662394,-0.00436881050268112,0.04847943191260695,-0.020767055067738904,-0.0024672239606535243,-0.9999902405413822,0.0036649185416756814,0.023083196352796306,0.999650419156876,0.012892072200443791
Mai8All.csv,0.040997766526988826,0.7141730402267029,179.02120570732157,0.056693931766197345,-0.0014428062698885746,0.051455189298491355,-0.023758865785938332,0.0062487767772755765,0.9999802909049383,-0.0006087614162460881,-0.01135052913038248,-0.9998124182027922,-0.015693753405278878
Mai11All.csv,0.039917130709093904,0.7448865054966959,3.6693062960727074,0.05139895474186254,-0.020980104286849044,0.044580630751635875,-0.014637456556904627,-0.0015535419175477202,0.99998218131721,-0.005763987819715674,0.056173708024445275,0.9981812201671797,0.021880727418100758
Mai4 All.csv,0.040896101465429505,0.7339047544691817,1.3564829689042808,0.07881345268486982,-0.0039540511772550024,0.05025122955222994,-0.060586629976315365,0.0075829462778554645,0.9999699012650456,-0.0016417946648877605,-0.00911251288418385,0.9998438134924208,0.015143009273890583
Mai1All.csv,0.04237050455341284,0.7569438095410863,0.23908547782533132,0.05401006371690485,0.0008369676200547516,0.05030335540692343,0.01964583677810261,0.006529058194530831,0.9999593869473458,-0.0062125562356142245,0.0023676606764225236,0.9999759368367438,-0.006520730817675345
Mai3All.csv,0.040401182969924246,0.7365203106752402,1.5026550923270034,0.058917925473184904,-0.00020124915820790568,0.05047438355641898,-0.030391084966476467,0.00907585779027904,0.9999582766659325,0.0010362107262205972,-0.01616003590248859,0.9998360260967283,0.00817154567586636
Mai13All.csv,0.039636420777648174,0.7453355030970822,177.9937222918625,0.06626526067072674,-0.0018683303072248303,0.052752980418930395,-0.04005892123538046,0.010455018282746208,0.9999441468611976,0.001547821288091617,0.02417966656149963,-0.999701187370042,0.0035888293221471614
Mai7All.csv,0.041263213479174936,0.7649628927175521,0.9093028277486456,0.06320782957532099,-0.03208187466458545,0.046604545511146345,-0.028177994522821215,0.001961415310600508,0.9999918477165104,-0.0035294972019957157,0.014932131257508592,0.9998727476494393,0.005614264339088982
Mai5All.csv,0.040135098640746755,0.7534860180704136,2.362890702079997,0.06742882163909841,-0.011122837460614099,0.05249917918842062,-0.040826029184874324,0.012493111224343774,0.9999218829863286,0.00038742355446330385,-0.0283211825259082,0.9995792176708213,0.00626882931046056
Mai9All.csv,0.04326340156010173,0.7015414185025052,1.6098160967742832,0.05206943216994565,-0.007687287486751182,0.047841348682649665,-0.019061393805851257,0.0018615189008217604,0.9999961148135911,-0.0020748747204225636,0.029630406703139232,0.9995585561141935,0.002175292512683889
Mai15All.csv,0.04113886222443955,0.7270527001724323,178.08271060824154,0.06307013175123811,0.022306490911692678,0.054412620356905084,0.022793172842332066,-0.0049579819575779165,-0.999964911354253,-0.006752368117069005,-0.02791365373082159,0.9995259070512431,0.012991884728022676
MaiD5All.csv,0.02202887648676044,0.7062871077676339,6.015347689751542,0.06054023096939963,0.0032331599015518395,0.060407083729735245,-0.0023770734418621098,0.008581341356889219,0.9999599246358789,0.00255141190790465,-0.06900532180321323,0.9952992811156501,-0.06795297324992021
MaiD9All.csv,0.038813561911235146,0.6879238717401001,2.2094354505482143,0.06129502274699735,0.013464714701580694,0.0590195447445927,-0.009616371961450931,0.008939665975377731,0.9999596706211374,-0.0008599439018475791,-0.02016325193991729,0.9994546534890556,-0.0261503133877904
MaiD7All.csv,0.024292547682348783,0.7205175652188726,3.532581103789268,0.06429816203529962,-0.02166692994887367,0.05884109016613981,-0.0142310890577092,0.009640433911524249,0.9999523452993577,-0.0015392089888513606,-0.0160840577731479,0.9982139924165548,-0.05753371558792712
MaiD14All.csv,0.042313494999263235,0.7344872109041216,178.84887167833318,0.0681388671934936,0.016264434056445592,0.06586888018805515,-0.006297938552234927,0.008121180781543032,0.9999623909315456,0.0030435415522806803,-0.002748832668945226,-0.9998631192862839,0.01631522632572629
MaiD10All.csv,0.023200075357202782,0.6799106148849994,3.6503938320572926,0.06446308867366667,0.021497526874986093,0.06031270338386863,-0.007464847629908067,0.0023315961033059276,0.9999883834376339,0.004218607518910662,0.06405528804230978,0.9978813912069613,-0.011386358358892967
MaiD3All.csv,0.024500834044566645,0.6952947970058647,7.467556148396662,0.0660968767506807,0.009132690740585887,0.060995281865916295,-0.02376902745441878,0.0086241832858874,0.9999552713685238,0.003883133393587419,-0.06469561227807223,0.9925228693653528,-0.10350280932773025
MaiD12All.csv,0.036873452599776486,0.6775117368139552,3.01359024992123,0.06655144159562802,-0.018983492567816923,0.06122455833856022,-0.017896224312188402,0.002342490004883002,0.9999926735185144,0.0030274824310934697,0.053614323570729226,0.998454521140446,0.014631251561502738
MaiD1All.csv,0.04788513124877228,0.7435351124005629,0.19719213108471573,0.06498580761032433,0.008174271611095048,0.06060125947741235,-0.021995995638876442,0.005123245374897167,0.9999847741067294,0.0020503442497527805,0.00842841952288524,0.9999638850809737,0.0010909986765864368
MaiD4All.csv,0.022437917301361486,0.7245886673637435,2.735852581573478,0.07131300588281224,0.0306298831807912,0.060961284634754476,-0.020762390037121103,0.0077005854574771744,0.9999701442973665,-0.0006414807209323666,0.052553275239172526,0.998495366506509,0.015657468718441536
MaiD8All.csv,0.022476939809829642,0.7182206926185039,2.604673602346253,0.06372099716143784,0.01792837759042977,0.0599944424672616,-0.011815482608229844,0.007372100026777081,0.9999656975438169,0.003775695552253598,0.04928379392820018,0.998689811319941,-0.0137756459660919
MaiD15All.csv,0.04494512707904905,0.7124205097081138,1.2818164030543344,0.06894350518725333,0.0239113111490891,0.06400336070055546,0.009220950367010317,0.004743805192251519,0.9999867907687939,-0.0019785348683882898,0.007229283212804474,0.9996807707086726,-0.02420938123007353
MaiD6All.csv,0.0213263716112929,0.708160817158533,3.3621704375649406,0.06010429611497667,0.012023666349279954,0.058750898092281734,-0.004036066444983111,0.007840289722537561,0.9999607514439514,0.004126188157843719,0.06556412286479289,0.9977444763897432,0.01439811191536245
MaiD2All.csv,0.03414951537411758,0.7281946033575765,2.7190413724283125,0.06325323244429203,-0.0032098743163874732,0.06315744019708536,0.0013438263564241604,0.004461186822619609,0.9999861601339457,0.002788790544291827,0.04743278983409062,0.9987246237398568,-0.017299028418851184
MaiD11All.csv,0.022142332935828186,0.6937951871055184,5.268262506868432,0.060922856487225605,-0.012664996273305723,0.059530884509275905,-0.002695570719438267,0.007909723112505634,0.9999670965228186,0.0018005976809251222,-0.05728632011802369,0.9963748582270134,-0.06289212526568738
MaiD13All.csv,0.024289139717856473,0.6784402890043774,5.128732261397906,0.05994523168274157,-0.008538532703450754,0.05859935392706106,-0.009308059953647696,0.006200797263607956,0.9999801884842385,0.0010829368969894207,-0.021548035913354288,0.9962405801717661,-0.08390702334905986
MaiG3All.csv,0.003550789006812745,0.7009769919577683,35.84444595772241,0.06797243465859107,0.02530105418705872,0.06304874186483622,0.002228156121370173,0.006216341844975643,0.9999806684637818,-0.0001406868660491559,0.3462135739354544,0.8084062798112979,-0.47604143515506914
MaiG15All.csv,0.015853599209615925,0.7263269730284859,8.550169892695669,0.06139350916489053,0.01754679614222822,0.05882964401962898,-0.0005881302970560665,0.006228555312222198,0.9999794001851003,-0.0015505818811993662,-0.06074865107047861,0.9894883073284516,0.13123448881064906
MaiG1All.csv,0.004911672389296941,0.7246229175166801,29.201435333493844,0.06285264176672069,0.008601672267678814,0.06196280233386808,0.006089083526209738,0.008196813435586587,0.9999658078535173,-0.001093331314651376,0.28767733021196423,0.8701441133276383,-0.40011370349361214
MaiG13All.csv,0.004898863049731142,0.7247804946289139,24.655840308331054,0.06457279433189886,0.019519526225086306,0.06147241365744316,-0.0031266952051764996,0.009271593628091837,0.9999555506743469,-0.001712958598416262,-0.34081477680726263,0.9124185428030435,0.2265782219432973
MaiG9All.csv,0.014593149021317385,0.7164408739762693,27.94602288039592,0.0620496054167529,0.022345204430190245,0.05396221336596363,-0.02095053459924001,0.00974725618569203,0.9999481141730266,-0.002959722733386699,0.4730042703664651,0.8786310713048804,-0.06537890143406644
MaiG5All.csv,0.0032607112221442764,0.7050227321634386,163.81259805843354,0.06352575767755747,0.019775030664284404,0.06020204360125092,-0.004492660344099564,0.005695040329236445,0.9999830414465423,-0.0012179223994735508,-0.28329596490271663,-0.9587284730399528,0.02414769662553891
MaiG7All.csv,0.004635261426283897,0.6857476105684748,7.876217033716317,0.06773177227765857,0.02872244589394965,0.06121610777639974,-0.0038990032636487815,0.005135738904498165,0.9999852963958423,-0.0017410278644719905,0.125828779096503,0.9900445840124172,0.06307804704301888
MaiG11All.csv,0.05007507201250799,0.72288657743674,11.033830072025218,0.0975325893618043,0.06363455343453181,0.06814512765516412,-0.028626756254725105,0.006923422294711718,0.999969791703671,-0.003532973796376908,-0.18445431498703904,0.982783506467025,-0.010638848576879438
MaiG14All.csv,0.003911413922036553,0.7131918782217742,6.331066150019794,0.0625914582693316,0.01267674231738384,0.061033905267855015,-0.005643869262715873,0.004271141168911688,0.999989002469208,-0.0019370838269975872,-0.033263260208376014,0.993849711236615,-0.10562342067556227
MaiG2All.csv,0.024914230543625758,0.7156829464709236,99.13896943640975,0.03973174037095154,0.0036641853703085064,0.037668066293812474,-0.012095524798935609,0.009136054110539962,0.9999582624455121,-7.66957755323277e-05,-0.9730373918909698,-0.1499327085029422,0.17526670220835386
MaiG8All.csv,0.0038186881092524224,0.7070154464007727,157.9433970501187,0.07000690059695466,0.023603123931742326,0.06223388030664134,-0.02169799100915437,0.006374226562112837,0.999977605276372,0.0020391619522358443,-0.10067825759575504,-0.9269294480219799,0.36147709033512765
MaiG4All.csv,37.14899010834191,0.7059701251068856,34.52164171500598,37.20197023336772,29.605712825672597,20.074811490375517,-10.222049743278973,0.006763096652533413,0.9999694843446176,-0.00391035845256128,-0.4410392457763169,0.8282717354989491,0.3456158501264337
MaiG12All.csv,0.0030776587063744425,0.7147442902187482,167.0804350008171,0.06291853553138874,0.006240156406429151,0.062280796787717474,-0.00639569487428604,0.0029066835518259814,0.99999559988069,0.0005927984390452143,-0.1235916128680536,-0.9744411516219318,0.18758879298720474
MaiG10All.csv,0.0032522661925235125,0.725046541311161,159.1868381950861,0.07632331214862018,0.04000040170947755,0.06203774222348901,-0.019404493815301294,0.004604728366780445,0.9999893971849476,-4.465817116497807e-05,-0.21021607978841944,-0.9337730566685529,0.28961539744677883
MaiG6All.csv,0.0107420630384207,0.7180207075381534,28.182797043845525,0.06550548111589713,-0.035154802001657895,0.055244154931747724,0.001786420534599431,0.008206892924847548,0.999963908564586,-0.002197379520300652,-0.31560065828724915,0.8848205182117539,0.34276650221417104
