device,time,x,y,z
device,3243.2668813750006,0.17645746,1.6622952,-0.10603347
device,3243.2679117500006,0.17645884,1.6622994,-0.106018186
device,3243.2774330000007,0.17646217,1.6623333,-0.10588816
device,3243.287901458334,0.17645013,1.6623706,-0.10574025
Gesamt_3Arm,3243.288236958334,-0.1899643,1.5259917,-0.70186
device,3243.299226875001,0.17641294,1.6623995,-0.105573654
device,3243.3083760416675,0.17636192,1.662416,-0.10543075
Gesamt_3Arm,3243.314554583334,-0.18997931,1.5259926,-0.7019588
device,3243.3182186250006,0.17628098,1.6624346,-0.10528201
device,3243.3286371250006,0.17616904,1.6624498,-0.1051133
device,3243.338209708334,0.17604113,1.6624627,-0.104950756
Gesamt_3Arm,3243.338913583334,-0.18999267,1.5259937,-0.70205265
device,3243.348119500001,0.17588127,1.6624775,-0.10477787
device,3243.3580616666673,0.17569008,1.6624888,-0.10459542
device,3243.368317125001,0.17545915,1.6624994,-0.10439861
Gesamt_3Arm,3243.368791541667,-0.18995523,1.5255431,-0.7042979
device,3243.378822208334,0.17518413,1.6625109,-0.10418847
device,3243.388995208334,0.17487872,1.6625191,-0.10397512
device,3243.3978105000006,0.17458445,1.6625228,-0.10378156
Gesamt_3Arm,3243.398543958334,-0.18996823,1.5255432,-0.70438933
device,3243.407685458334,0.17422917,1.6625056,-0.1035614
device,3243.417726333334,0.17382419,1.662483,-0.103311926
device,3243.4280167916672,0.17339161,1.6624534,-0.10304764
Gesamt_3Arm,3243.429353708334,-0.18998086,1.5255439,-0.7044741
device,3243.4378019166675,0.17292655,1.6624125,-0.10276365
device,3243.447846041667,0.17242849,1.6623647,-0.102460384
device,3243.4586104166674,0.17185727,1.6623181,-0.102118075
Gesamt_3Arm,3243.4590125416676,-0.18999219,1.5255448,-0.70455414
device,3243.4680168750006,0.1713193,1.6622787,-0.101798855
device,3243.4777153750006,0.17073417,1.6622385,-0.10145369
device,3243.4874654166674,0.17011267,1.6621932,-0.101082526
Gesamt_3Arm,3243.4945478750005,-0.19661689,1.5244359,-0.7159353
device,3243.4976987916675,0.16938716,1.6621447,-0.1006412
device,3243.5077042500006,0.16864777,1.6620843,-0.100180835
device,3243.517741708334,0.16786757,1.6620172,-0.09968528
Gesamt_3Arm,3243.518723333334,-0.19657016,1.5244191,-0.7159033
device,3243.5277139166674,0.16705841,1.6619526,-0.09916388
device,3243.537646916667,0.1662184,1.6618906,-0.0986149
device,3243.548085583334,0.16530144,1.6618267,-0.09800634
Gesamt_3Arm,3243.548727833334,-0.19651353,1.5244048,-0.71585274
device,3243.5580800000007,0.16438594,1.6617639,-0.09738812
device,3243.5673504166675,0.16350973,1.6617057,-0.09679037
device,3243.5777505416672,0.16247159,1.6616397,-0.09608144
Gesamt_3Arm,3243.578483791667,-0.19061494,1.5253401,-0.7055943
device,3243.5876517500005,0.1614255,1.6615837,-0.095391035
device,3243.5974461666674,0.16037202,1.6615366,-0.09469187
device,3243.6079318750008,0.15918946,1.6614937,-0.09390521
Gesamt_3Arm,3243.6088880416673,-0.19130683,1.5250069,-0.70850515
device,3243.617800708334,0.15802756,1.6614567,-0.09313244
device,3243.627776333334,0.15683609,1.6614225,-0.092342176
device,3243.6380291250007,0.15555227,1.6613855,-0.09149355
Gesamt_3Arm,3243.6385689166673,-0.19125903,1.5249939,-0.7084668
device,3243.648383750001,0.15420058,1.661342,-0.090604156
device,3243.658303875001,0.15286863,1.661297,-0.08973354
device,3243.6674699166674,0.15160266,1.6612523,-0.08891392
Gesamt_3Arm,3243.674976333334,-0.19114792,1.5249892,-0.70827436
device,3243.6774081250005,0.15018594,1.6611989,-0.08800727
device,3243.687800458334,0.14861995,1.6611338,-0.087025575
device,3243.697757083334,0.14707154,1.6610739,-0.08606661
Gesamt_3Arm,3243.698574583334,-0.19219565,1.5246581,-0.7106292
device,3243.7080287916674,0.14548212,1.6610134,-0.0850931
device,3243.7176741250005,0.14390662,1.6609526,-0.0841347
device,3243.7278206666674,0.1422317,1.6608808,-0.08311781
Gesamt_3Arm,3243.728668750001,-0.19208848,1.5246533,-0.71044576
device,3243.7378455416674,0.14055109,1.6607993,-0.08209655
device,3243.7473403333343,0.13892105,1.6607108,-0.08110657
device,3243.7564500416674,0.13733593,1.660623,-0.080158025
Gesamt_3Arm,3243.7587607916676,-0.19640362,1.5239171,-0.71855044
device,3243.766208291667,0.13561577,1.6605219,-0.07912781
device,3243.7762905416675,0.1338085,1.6604136,-0.07804492
device,3243.786331958334,0.13198665,1.6603024,-0.07695541
Gesamt_3Arm,3243.7888517500005,-0.19307935,1.524212,-0.71312636
device,3243.796468708334,0.13012785,1.6601859,-0.075844996
device,3243.8064398750007,0.12827021,1.6600668,-0.074736215
device,3243.816731125001,0.1263287,1.659939,-0.07357961
Gesamt_3Arm,3243.819291625001,-0.19296479,1.5242096,-0.71293145
device,3243.8268505000005,0.12441623,1.6598107,-0.07244459
device,3243.8363964166674,0.12256515,1.6596872,-0.07135162
device,3243.8468317500005,0.12054694,1.6595519,-0.070173085
device,3243.856702958334,0.118606955,1.6594237,-0.069061816
Gesamt_3Arm,3243.8574070416676,-0.19227052,1.5242505,-0.71120846
device,3243.8666116250006,0.11664635,1.6592909,-0.06794464
device,3243.876666833334,0.11463982,1.6591525,-0.06680804
Gesamt_3Arm,3243.879124041667,-0.19210231,1.5242088,-0.7108845
device,3243.8867925416675,0.11259878,1.6590064,-0.0656586
device,3243.8967827500005,0.1105732,1.6588584,-0.06452608
device,3243.907213125001,0.10844779,1.6587023,-0.06334749
Gesamt_3Arm,3243.9118252916674,-0.19395697,1.5235894,-0.7151474
device,3243.9162936666676,0.10653353,1.6585659,-0.062297314
device,3243.926596916667,0.104426265,1.6584244,-0.06115684
device,3243.936914958334,0.10227537,1.6582941,-0.060013145
Gesamt_3Arm,3243.939780333334,-0.19322765,1.5236002,-0.7134153
device,3243.9467255833342,0.10024369,1.6581804,-0.05895251
device,3243.9565952916673,0.09817046,1.658079,-0.057884134
device,3243.9667015833343,0.09607676,1.6579887,-0.056808796
Gesamt_3Arm,3243.971774875001,-0.19403279,1.5234344,-0.71493655
device,3243.9762596250007,0.09406847,1.6579206,-0.055793576
device,3243.986194750001,0.09200871,1.6578704,-0.05477035
device,3243.9969147500005,0.089826345,1.6578398,-0.053706944
Gesamt_3Arm,3243.9990529583342,-0.19431984,1.5232499,-0.71586996
device,3244.0067827916673,0.08781722,1.6578298,-0.05274674
device,3244.0163294166673,0.08586684,1.6578312,-0.051827814
device,3244.026782416667,0.08378655,1.6578417,-0.050857134
device,3244.0367446666673,0.081784844,1.6578581,-0.049931347
Gesamt_3Arm,3244.0374712916673,-0.19398999,1.5232482,-0.7150438
device,3244.046548791667,0.07984674,1.6578943,-0.04905474
device,3244.0563997500008,0.07790774,1.657929,-0.048173256
Gesamt_3Arm,3244.060007166667,-0.19366062,1.5232396,-0.7142169
device,3244.066599583334,0.075954676,1.6579669,-0.04728335
device,3244.076648458334,0.074043304,1.658011,-0.04641452
device,3244.086862833334,0.07214156,1.6580607,-0.04555067
Gesamt_3Arm,3244.091432208334,-0.19400871,1.5230572,-0.7152587
device,3244.0970868750005,0.07026744,1.6581109,-0.044701457
device,3244.106912625001,0.0684998,1.6581557,-0.04390025
device,3244.116703625001,0.06679106,1.6581918,-0.043122232
Gesamt_3Arm,3244.119152333334,-0.19379294,1.5230293,-0.71471316
device,3244.1266407916673,0.06506693,1.6582252,-0.042329133
device,3244.136529583334,0.063400745,1.6582558,-0.041543126
device,3244.1468044166672,0.061718732,1.6582823,-0.040740218
Gesamt_3Arm,3244.1529946666674,-0.19322395,1.5231094,-0.71316385
device,3244.156157000001,0.060195714,1.6583098,-0.04000857
device,3244.1665296250007,0.05858302,1.6583474,-0.039236724
device,3244.1766030416675,0.057029843,1.6584027,-0.038503766
Gesamt_3Arm,3244.1789242916675,-0.19317663,1.5230595,-0.71309257
device,3244.1864821250006,0.05552125,1.6584768,-0.037809134
device,3244.1965798750007,0.054019243,1.6585721,-0.03714105
device,3244.2060633750007,0.05261433,1.6586813,-0.03653866
device,3244.2161156666675,0.051150385,1.6588129,-0.03593821
Gesamt_3Arm,3244.2165665000007,-0.19169521,1.5232917,-0.7087926
device,3244.2264179166673,0.049677044,1.6589546,-0.035372104
device,3244.2366088333342,0.0482198,1.6591105,-0.03485787
Gesamt_3Arm,3244.2387840000006,-0.19160306,1.5232968,-0.70855486
device,3244.2465451666676,0.046819687,1.6592561,-0.034390926
device,3244.2568677916674,0.045360684,1.6593952,-0.03393531
device,3244.266373458334,0.04403341,1.6595113,-0.033551157
Gesamt_3Arm,3244.2714772916675,-0.19151843,1.5233008,-0.708339
device,3244.2772847500005,0.042512774,1.6596316,-0.033148885
device,3244.2785599166673,0.04232028,1.6596458,-0.033101287
device,3244.2856486250007,0.041356564,1.659714,-0.032873392
device,3244.2958131250007,0.039958388,1.6598029,-0.032579806
Gesamt_3Arm,3244.2988649166673,-0.19093406,1.5234892,-0.7062785
device,3244.305801166667,0.03857839,1.6598831,-0.032348216
device,3244.315726791667,0.0371902,1.6599478,-0.03215015
device,3244.325770125001,0.035786033,1.6599972,-0.031984746
Gesamt_3Arm,3244.329261250001,-0.19085193,1.5234934,-0.70606565
device,3244.335726250001,0.034395963,1.6600282,-0.031853523
device,3244.3457035000006,0.032993134,1.6600409,-0.03175258
device,3244.355998291667,0.03155732,1.6600374,-0.031680107
Gesamt_3Arm,3244.3599506250007,-0.18893063,1.5239327,-0.6992179
device,3244.3656507916676,0.030173182,1.6600177,-0.031635046
device,3244.375709583334,0.028765082,1.6599839,-0.031611085
device,3244.3857664166676,0.027341723,1.6599408,-0.031597853
device,3244.395733500001,0.025948405,1.659907,-0.031578124
Gesamt_3Arm,3244.3962095416673,-0.18895769,1.5239232,-0.6992029
device,3244.405708958334,0.02455771,1.659873,-0.031568527
device,3244.415851375001,0.023168921,1.6598473,-0.03156519
Gesamt_3Arm,3244.4189351666673,-0.1889931,1.5239117,-0.699221
device,3244.4257162916674,0.021805048,1.6598359,-0.031567752
device,3244.435684958334,0.020444155,1.6598469,-0.031578004
device,3244.4458083750005,0.01907444,1.6598898,-0.03159505
Gesamt_3Arm,3244.4491689166675,-0.19001627,1.5236673,-0.7008092
device,3244.4559090416674,0.017712593,1.6599672,-0.031626284
device,3244.4657750000006,0.01638031,1.6600785,-0.031668723
device,3244.475874625001,0.01502347,1.6602244,-0.0317232
Gesamt_3Arm,3244.482557833334,-0.1900531,1.5236557,-0.7008303
device,3244.485481208334,0.013712673,1.6603878,-0.031782534
device,3244.4955554166672,0.012380033,1.6605726,-0.031846788
device,3244.5057868333342,0.011076507,1.6607819,-0.031904094
Gesamt_3Arm,3244.5113808750007,-0.19008505,1.5236452,-0.70084554
device,3244.515655333334,0.009786305,1.6609932,-0.0319606
device,3244.525697708334,0.008489042,1.6612039,-0.03201702
device,3244.535845208334,0.0071719885,1.6614168,-0.032072663
Gesamt_3Arm,3244.539180625001,-0.19007194,1.5238309,-0.6996315
device,3244.5457295000006,0.0058829784,1.6616226,-0.032125592
device,3244.555912791667,0.0045467615,1.661831,-0.03217548
device,3244.5658094166674,0.0032481523,1.6620284,-0.03221541
device,3244.575858500001,0.0019118786,1.6622283,-0.032254934
Gesamt_3Arm,3244.576306583334,-0.19017339,1.5238681,-0.6996969
device,3244.585713958334,0.0006018877,1.6624248,-0.03230256
device,3244.5957651250005,-0.000744882,1.6626105,-0.032337062
Gesamt_3Arm,3244.5989050416674,-0.19027305,1.5239037,-0.69976735
device,3244.605471208334,-0.0020833923,1.662779,-0.032356348
device,3244.6156781666673,-0.0034683943,1.6629331,-0.032359183
device,3244.6255732916675,-0.0048677637,1.6630676,-0.032349434
Gesamt_3Arm,3244.629981041667,-0.19101286,1.5240016,-0.6998776
device,3244.6357821666675,-0.0063024475,1.6631806,-0.032326486
device,3244.645720833334,-0.0077417805,1.6632708,-0.03229108
device,3244.6557945416675,-0.009221673,1.6633358,-0.03224379
Gesamt_3Arm,3244.659218083334,-0.19111001,1.5240364,-0.6999434
device,3244.665693125001,-0.010725084,1.663368,-0.03217595
device,3244.6756567500006,-0.012259364,1.6633682,-0.032093644
device,3244.6857412916675,-0.013837099,1.6633329,-0.031995952
Gesamt_3Arm,3244.690293083334,-0.191203,1.5240699,-0.7000112
device,3244.695668958334,-0.015422821,1.6632658,-0.031886518
device,3244.705650000001,-0.017052593,1.6631699,-0.031765573
device,3244.715929333334,-0.01874733,1.6630489,-0.031632125
Gesamt_3Arm,3244.718318625001,-0.19164896,1.5242882,-0.6986635
device,3244.7257444583342,-0.020434352,1.6629082,-0.031495538
device,3244.735897041667,-0.022208067,1.6627437,-0.03135201
device,3244.745801333334,-0.023972869,1.6625626,-0.031211376
device,3244.755732583334,-0.025781246,1.6623551,-0.031073298
Gesamt_3Arm,3244.757171916667,-0.19174254,1.5242858,-0.69882214
device,3244.765639708334,-0.027638316,1.6621181,-0.030939281
device,3244.7756568750005,-0.029533505,1.6618596,-0.030820072
Gesamt_3Arm,3244.779007208334,-0.19235706,1.5243518,-0.69793046
device,3244.7856380000007,-0.031457186,1.6615756,-0.03071475
device,3244.7956690000005,-0.033443507,1.6612628,-0.030623384
device,3244.805938833334,-0.03551882,1.6609251,-0.030551381
Gesamt_3Arm,3244.810440500001,-0.19244576,1.524349,-0.6980827
device,3244.8158021666673,-0.037571248,1.6605846,-0.03050632
device,3244.8256885000005,-0.039684296,1.6602356,-0.030490458
device,3244.835738375001,-0.04187041,1.6598756,-0.030507095
Gesamt_3Arm,3244.8388980416676,-0.19348836,1.5240453,-0.6987152
device,3244.8457063750006,-0.04411304,1.6595075,-0.0305624
device,3244.8553573750005,-0.046375394,1.6591464,-0.0306831
device,3244.865413583334,-0.04874456,1.6587787,-0.030843675
Gesamt_3Arm,3244.8687443333342,-0.19357336,1.5240414,-0.69886464
device,3244.875444833334,-0.051167306,1.6584195,-0.03104312
device,3244.885399500001,-0.053639024,1.6580722,-0.031279173
device,3244.8957722916675,-0.056283887,1.6577209,-0.031562693
Gesamt_3Arm,3244.901014708334,-0.19391406,1.5240028,-0.6964915
device,3244.9054482500005,-0.058814112,1.6573938,-0.03185969
device,3244.9154800000006,-0.061501145,1.6570597,-0.032197177
device,3244.925426625001,-0.0642637,1.6567434,-0.03257233
device,3244.9354529166676,-0.06708312,1.6564859,-0.03300017
Gesamt_3Arm,3244.935873250001,-0.19392264,1.5240515,-0.6962578
device,3244.945386583334,-0.0699783,1.656268,-0.033469148
device,3244.9554856666673,-0.0729568,1.6560907,-0.033987284
Gesamt_3Arm,3244.961283750001,-0.1948533,1.5238739,-0.6966231
device,3244.9654035416675,-0.075992286,1.6559509,-0.034548692
device,3244.9754333750006,-0.07911229,1.655835,-0.03515196
device,3244.9863863750006,-0.082345456,1.6557386,-0.035802033
Gesamt_3Arm,3244.9914516250005,-0.19579649,1.5237868,-0.6966919
device,3244.9954252916673,-0.08552024,1.6556659,-0.036466505
device,3245.005368208334,-0.088826954,1.6556152,-0.03718192
device,3245.0155581666672,-0.09223431,1.65558,-0.037938066
Gesamt_3Arm,3245.0183307916673,-0.19689035,1.5236765,-0.69686425
device,3245.0254030416672,-0.09569001,1.6555603,-0.038713872
device,3245.0353550416676,-0.099212736,1.6555587,-0.039509144
device,3245.0454907916674,-0.10285729,1.6555508,-0.040330283
Gesamt_3Arm,3245.050125916667,-0.19690752,1.5237184,-0.6966599
device,3245.0554365416674,-0.106536835,1.6555455,-0.04115751
device,3245.0653755000008,-0.110301614,1.6555547,-0.042005777
device,3245.0756689166674,-0.11418402,1.6555852,-0.04288447
Gesamt_3Arm,3245.078890458334,-0.19831872,1.5237906,-0.6948652
device,3245.0854482916675,-0.11806172,1.6556445,-0.04376685
device,3245.0953530000006,-0.12196839,1.6557478,-0.044653416
device,3245.105446000001,-0.1259751,1.655915,-0.045567896
Gesamt_3Arm,3245.1137942916675,-0.19829667,1.523798,-0.69459116
device,3245.115337916667,-0.12997216,1.6561573,-0.046501093
device,3245.1253462916675,-0.13400981,1.6564736,-0.047446158
device,3245.135424333334,-0.13806257,1.6568438,-0.04838934
Gesamt_3Arm,3245.138835708334,-0.1992197,1.5240113,-0.6930579
device,3245.1453755000007,-0.1420649,1.6572386,-0.04930147
device,3245.155337458334,-0.14605325,1.6576437,-0.050191216
device,3245.1655171666675,-0.15006983,1.6580507,-0.05106747
Gesamt_3Arm,3245.168559750001,-0.20038402,1.5241292,-0.6935537
device,3245.175376083334,-0.15398532,1.6584376,-0.05191063
device,3245.1853619166673,-0.15788847,1.6588094,-0.052743725
device,3245.195446333334,-0.16180861,1.6591687,-0.05358243
Gesamt_3Arm,3245.1986713750007,-0.20132113,1.5243864,-0.69293225
device,3245.205369958334,-0.16562185,1.6594969,-0.054408636
device,3245.215352083334,-0.16942358,1.6597925,-0.055234283
device,3245.225460875001,-0.17320955,1.6600413,-0.05605614
Gesamt_3Arm,3245.2291141666674,-0.20130873,1.5243956,-0.69268715
device,3245.235604291667,-0.17697626,1.6602386,-0.056869425
device,3245.245609083334,-0.1806663,1.6603835,-0.05765971
device,3245.2556961666673,-0.1843952,1.6604882,-0.05845487
Gesamt_3Arm,3245.260053333334,-0.20228517,1.5244583,-0.69254994
device,3245.2657134166675,-0.18799907,1.6605567,-0.059216566
device,3245.275669208334,-0.19159454,1.6605963,-0.059968166
device,3245.2857251250007,-0.19520986,1.6606021,-0.06071174
device,3245.295792375001,-0.19874942,1.6605812,-0.06142074
Gesamt_3Arm,3245.2971287916675,-0.20318758,1.5247245,-0.6905663
device,3245.3056455000005,-0.20226803,1.6605492,-0.062102843
device,3245.3156315416672,-0.20571804,1.6605254,-0.062754154
Gesamt_3Arm,3245.3189447916675,-0.20439816,1.5249034,-0.6908077
device,3245.325608208334,-0.20915672,1.6604977,-0.0633952
device,3245.3356531250006,-0.21257421,1.6604637,-0.0640198
device,3245.3457033750005,-0.21596134,1.6604245,-0.06463078
Gesamt_3Arm,3245.349014083334,-0.20448351,1.5249437,-0.69079316
device,3245.3556722500007,-0.21928656,1.6603966,-0.06522879
device,3245.365616208334,-0.2226032,1.6603929,-0.065840304
device,3245.375725250001,-0.22589958,1.6604186,-0.066470146
Gesamt_3Arm,3245.3788903750005,-0.20572615,1.5252603,-0.6914235
device,3245.3856073750007,-0.22915038,1.6604533,-0.06713992
device,3245.3956242500008,-0.23239577,1.6605128,-0.06783301
device,3245.405606083334,-0.2356112,1.6605955,-0.06854352
Gesamt_3Arm,3245.412724375001,-0.20747483,1.525841,-0.6899389
device,3245.4155690000007,-0.23879433,1.6606997,-0.06927481
device,3245.4256085416673,-0.24198228,1.6608349,-0.070041336
device,3245.4356737500007,-0.24517125,1.6610031,-0.07084929
Gesamt_3Arm,3245.4412797916675,-0.2081765,1.5259614,-0.68970746
device,3245.445419083334,-0.24829727,1.6612053,-0.071687765
device,3245.455650583334,-0.25149906,1.6614344,-0.07259476
device,3245.465664583334,-0.25465786,1.661665,-0.07353422
device,3245.4755901250005,-0.25785336,1.6618845,-0.074524194
Gesamt_3Arm,3245.4764156250008,-0.20884228,1.5258263,-0.6911656
device,3245.485654833334,-0.26110053,1.6620777,-0.07557464
device,3245.4956719166676,-0.2643126,1.6622514,-0.0766401
Gesamt_3Arm,3245.4991782500006,-0.21014774,1.5258409,-0.69101304
device,3245.505529041667,-0.26756483,1.662406,-0.07774178
device,3245.5155196666674,-0.2708615,1.6625335,-0.078873485
device,3245.5257108750006,-0.27422357,1.6626322,-0.08004001
Gesamt_3Arm,3245.529517083334,-0.21085966,1.5260623,-0.6889247
device,3245.5357585416673,-0.27759445,1.6627051,-0.08122173
device,3245.545856458334,-0.2810826,1.6627592,-0.08245608
device,3245.555335583334,-0.2843839,1.6627982,-0.083638966
Gesamt_3Arm,3245.5584369166672,-0.21233845,1.526125,-0.6887464
device,3245.565642458334,-0.28789723,1.6628242,-0.08491075
device,3245.5755275416673,-0.2914173,1.6628257,-0.08618907
device,3245.5857016666673,-0.2949891,1.6627914,-0.08747077
Gesamt_3Arm,3245.5894010416673,-0.21311378,1.5261431,-0.68862814
device,3245.5955615000007,-0.29856515,1.6627204,-0.08876029
device,3245.6055985416674,-0.30221182,1.6626225,-0.090081714
device,3245.615669250001,-0.30588508,1.6625125,-0.091424376
Gesamt_3Arm,3245.6190066250006,-0.21468568,1.5260007,-0.6894875
device,3245.6256077916673,-0.30954933,1.662397,-0.09277323
device,3245.6355227916674,-0.31325388,1.6622679,-0.09414512
device,3245.6456801666673,-0.31700975,1.6621168,-0.095536925
device,3245.6555997916676,-0.3207972,1.661926,-0.0969432
Gesamt_3Arm,3245.656715458334,-0.21573865,1.5259873,-0.68927926
device,3245.665626125001,-0.32467258,1.6616828,-0.09842512
device,3245.675550833334,-0.32853103,1.6614096,-0.099873334
Gesamt_3Arm,3245.678875833334,-0.21798694,1.5258616,-0.688537
device,3245.6855220416674,-0.33248216,1.6611124,-0.10132549
device,3245.695542416667,-0.33651027,1.6608154,-0.10277605
device,3245.7058122500007,-0.34066853,1.6605314,-0.10425034
Gesamt_3Arm,3245.7124452916673,-0.21920776,1.5257381,-0.68883884
device,3245.715329208334,-0.34476453,1.6602759,-0.105681814
device,3245.7256186250006,-0.34911418,1.6600207,-0.10717574
device,3245.735620583334,-0.35348094,1.6597762,-0.108653486
Gesamt_3Arm,3245.7386634166674,-0.22157347,1.525619,-0.6891756
device,3245.7455673750005,-0.3579346,1.6595542,-0.11015549
device,3245.755554333334,-0.36250818,1.659342,-0.11166865
device,3245.765688958334,-0.36722982,1.6591429,-0.11320931
Gesamt_3Arm,3245.7691798750006,-0.22288156,1.5255716,-0.68928444
device,3245.7755020833342,-0.37192953,1.6589592,-0.11472139
device,3245.785484833334,-0.37677848,1.6587775,-0.11625916
device,3245.795555083334,-0.38176203,1.6585937,-0.11781749
Gesamt_3Arm,3245.798917958334,-0.22529614,1.5255164,-0.68924886
device,3245.805610708334,-0.38679707,1.6584172,-0.11937767
device,3245.815528333334,-0.39190662,1.658247,-0.12095368
device,3245.8258187500005,-0.3972313,1.6580733,-0.122590244
device,3245.8354752916675,-0.4023118,1.6579056,-0.12414342
Gesamt_3Arm,3245.840398333334,-0.22655034,1.5254353,-0.6894211
device,3245.845489375001,-0.40762937,1.6577474,-0.12575412
device,3245.855649208334,-0.41305393,1.6576812,-0.12737724
Gesamt_3Arm,3245.8587540416675,-0.22900105,1.5253274,-0.68919355
device,3245.8655732500006,-0.41839027,1.6576358,-0.12898007
device,3245.8754468750008,-0.42379582,1.6576126,-0.13060513
device,3245.8857248750005,-0.42946935,1.6576204,-0.13230914
Gesamt_3Arm,3245.891894000001,-0.2312082,1.5252653,-0.6899378
device,3245.8953161250006,-0.43475854,1.6576726,-0.13389924
device,3245.905570208334,-0.44034374,1.6577805,-0.1355856
device,3245.9154102916673,-0.44589853,1.6579285,-0.13727498
Gesamt_3Arm,3245.918501583334,-0.23237908,1.5253177,-0.69030774
device,3245.925490833334,-0.45145392,1.6580846,-0.13897943
device,3245.9354746666672,-0.4570248,1.6582791,-0.14069068
device,3245.9455045416676,-0.46258032,1.6585343,-0.14241135
Gesamt_3Arm,3245.950229583334,-0.23354268,1.5254041,-0.6906336
device,3245.9554658750008,-0.4681327,1.6588836,-0.1441665
device,3245.965509583334,-0.47366184,1.6593403,-0.14596131
device,3245.9756912916673,-0.4792843,1.6599095,-0.14783064
Gesamt_3Arm,3245.9789039166676,-0.23595297,1.525774,-0.6902956
device,3245.9855476666676,-0.48463422,1.6605256,-0.14964235
device,3245.995499958334,-0.4900387,1.6611974,-0.15149474
device,3246.0055345000005,-0.4953828,1.6618859,-0.15333706
device,3246.0155547916675,-0.5007436,1.662574,-0.15515459
Gesamt_3Arm,3246.017483208334,-0.23744702,1.5260215,-0.68957704
device,3246.025485333334,-0.5060189,1.6632247,-0.1568355
device,3246.0355462500006,-0.51127625,1.6638278,-0.15849736
Gesamt_3Arm,3246.038740958334,-0.23918891,1.5262529,-0.69060177
device,3246.045500208334,-0.51644194,1.6643562,-0.16010407
device,3246.0554684166673,-0.5215688,1.6648113,-0.16166997
device,3246.0655415416672,-0.5266316,1.6651993,-0.16319361
Gesamt_3Arm,3246.070349958334,-0.2407068,1.5265245,-0.6897813
device,3246.075560208334,-0.5316589,1.6655372,-0.16469309
device,3246.0856092500007,-0.5366014,1.6658431,-0.16617233
device,3246.095625000001,-0.5414572,1.6661274,-0.16763973
Gesamt_3Arm,3246.0992953750006,-0.24318862,1.5269462,-0.6892016
device,3246.1055782916674,-0.54617906,1.6663897,-0.16908762
device,3246.1152401666673,-0.5507872,1.6666124,-0.17050672
device,3246.1252401666675,-0.55533326,1.6667385,-0.17182487
Gesamt_3Arm,3246.1289039166672,-0.24424636,1.5270021,-0.68941486
device,3246.1354676250007,-0.5598457,1.6668162,-0.17314625
device,3246.1455078333342,-0.56426275,1.6668557,-0.1744655
device,3246.1552162500006,-0.56856775,1.666873,-0.1757817
Gesamt_3Arm,3246.1585012916676,-0.24658442,1.5270697,-0.68902624
device,3246.1652965416674,-0.5728873,1.666883,-0.17714205
device,3246.175220208334,-0.5770991,1.666892,-0.17851359
device,3246.1852229166675,-0.5812935,1.666897,-0.17993051
Gesamt_3Arm,3246.193324708334,-0.24760914,1.5270948,-0.6893516
device,3246.1951912916675,-0.5854126,1.6668969,-0.18138742
device,3246.2051775833343,-0.5894909,1.6668861,-0.18287334
device,3246.2151897500007,-0.59352994,1.6668735,-0.18439394
Gesamt_3Arm,3246.2183887500005,-0.2501725,1.5273234,-0.6886629
device,3246.225256500001,-0.5975364,1.6668651,-0.18595949
device,3246.235217541667,-0.60145557,1.6668584,-0.18754801
device,3246.2452423750005,-0.60535717,1.6668485,-0.1891835
Gesamt_3Arm,3246.2503915416673,-0.25110912,1.5273861,-0.68905354
device,3246.2554587916675,-0.6092305,1.6668328,-0.19085991
device,3246.265230166667,-0.6129689,1.6668104,-0.19253105
device,3246.2752555416673,-0.61670274,1.6667861,-0.1942631
Gesamt_3Arm,3246.278795708334,-0.2531798,1.5275337,-0.6892048
device,3246.2852550000007,-0.62038845,1.6667666,-0.1960471
device,3246.295190958334,-0.62398726,1.6667402,-0.19784567
device,3246.305255833334,-0.6275641,1.6667033,-0.19968918
Gesamt_3Arm,3246.311317875001,-0.25421202,1.5276133,-0.6894232
device,3246.3153183750005,-0.6310718,1.6666574,-0.20155203
device,3246.325198958334,-0.63448346,1.6666019,-0.2034171
device,3246.3361663750006,-0.6378652,1.6665318,-0.20531687
Gesamt_3Arm,3246.338575208334,-0.25571835,1.5276325,-0.69036347
device,3246.345354458334,-0.6411829,1.6664485,-0.2072292
device,3246.355239583334,-0.64438677,1.6663586,-0.20912793
device,3246.365306833334,-0.64753604,1.6662645,-0.21104553
device,3246.3754907916673,-0.650669,1.6661898,-0.21299797
Gesamt_3Arm,3246.376540458334,-0.25680923,1.5276291,-0.6905688
device,3246.385198333334,-0.65371287,1.6661801,-0.21490699
device,3246.395210750001,-0.65674525,1.6661522,-0.21687415
Gesamt_3Arm,3246.3999481250007,-0.2593001,1.5276009,-0.69060564
device,3246.4054297500006,-0.6597325,1.6660897,-0.21887195
device,3246.415441333334,-0.6626351,1.6659864,-0.22086564
device,3246.4255396250005,-0.66553855,1.6658366,-0.2229138
Gesamt_3Arm,3246.4305784166672,-0.2600479,1.5274166,-0.69158447
device,3246.435503500001,-0.6683769,1.665654,-0.2249726
device,3246.4454340416673,-0.67114836,1.6654487,-0.22704646
device,3246.455540083334,-0.67393494,1.6652156,-0.2292026
Gesamt_3Arm,3246.458620708334,-0.26204252,1.5271717,-0.69269145
device,3246.4654092916676,-0.67666745,1.6649631,-0.23139286
device,3246.4753860000005,-0.6793934,1.6646862,-0.23366103
device,3246.4854796666673,-0.68212414,1.6643786,-0.2360101
Gesamt_3Arm,3246.489743583334,-0.26309454,1.5270609,-0.69325286
device,3246.495167458334,-0.68478775,1.664046,-0.23837647
device,3246.5051330416672,-0.68746495,1.6636751,-0.24082652
device,3246.5154813750005,-0.690181,1.6632552,-0.24338162
Gesamt_3Arm,3246.5184115000006,-0.26487148,1.526799,-0.69454944
device,3246.5252142500008,-0.6928178,1.6628038,-0.24592763
device,3246.5351767500006,-0.69547015,1.6623111,-0.24855414
device,3246.5452490416674,-0.698148,1.6617787,-0.25125778
Gesamt_3Arm,3246.5535246250006,-0.26568854,1.5266559,-0.6954402
device,3246.5551087916674,-0.700816,1.6612364,-0.25396246
device,3246.565127125001,-0.70350313,1.6606556,-0.25675437
device,3246.575249333334,-0.7061931,1.6600373,-0.25961012
Gesamt_3Arm,3246.5782382916673,-0.26755726,1.5265261,-0.6964215
device,3246.585266083334,-0.7088599,1.6593893,-0.2624976
device,3246.595146958334,-0.71151555,1.6587119,-0.26542467
device,3246.605196458334,-0.71418697,1.6580034,-0.26842296
Gesamt_3Arm,3246.610473750001,-0.2686373,1.5264685,-0.69687283
device,3246.615204083334,-0.71684456,1.6572744,-0.2714628
device,3246.625200125001,-0.71948504,1.6565367,-0.27454737
device,3246.635171583334,-0.72212803,1.6557872,-0.27771676
Gesamt_3Arm,3246.6380527500005,-0.27046907,1.5263346,-0.69779503
device,3246.645253833334,-0.7247927,1.6550198,-0.28105676
device,3246.655263458334,-0.7274462,1.6542442,-0.28442866
device,3246.665189833334,-0.73008966,1.6534566,-0.28783584
Gesamt_3Arm,3246.6686881666674,-0.27101135,1.5261719,-0.69875264
device,3246.6751356250006,-0.7327255,1.6526566,-0.29127985
device,3246.685088333334,-0.7353576,1.651845,-0.29476592
device,3246.6952030416674,-0.73800015,1.6510226,-0.29831004
Gesamt_3Arm,3246.6983764166675,-0.2724856,1.5258621,-0.69999766
device,3246.7051576250005,-0.7406359,1.6502045,-0.30189028
device,3246.715177833334,-0.74327374,1.6494079,-0.305512
device,3246.7251646666673,-0.74594545,1.6486652,-0.30915886
Gesamt_3Arm,3246.7338057500006,-0.27299058,1.5256643,-0.7009145
device,3246.735080958334,-0.74858695,1.6479754,-0.31284237
device,3246.7451554166673,-0.7512381,1.64734,-0.31662136
device,3246.7551171666673,-0.75384855,1.6467764,-0.32042342
Gesamt_3Arm,3246.758406416667,-0.27393472,1.5255504,-0.7013706
device,3246.765129208334,-0.7564368,1.646279,-0.32428038
device,3246.775170541667,-0.7590071,1.6458436,-0.32819426
device,3246.785151708334,-0.7615417,1.6454725,-0.3321385
Gesamt_3Arm,3246.788818291667,-0.27529192,1.525279,-0.70250374
device,3246.795307250001,-0.76407623,1.6451687,-0.33616668
device,3246.805284083334,-0.7665143,1.6449547,-0.34013474
device,3246.8151971666675,-0.76893127,1.6448247,-0.34418604
Gesamt_3Arm,3246.8183849583343,-0.27629232,1.5249381,-0.70387244
device,3246.825116125001,-0.7712901,1.6447563,-0.34827992
device,3246.835156875001,-0.7736137,1.6447546,-0.35240477
device,3246.845208708334,-0.7759162,1.6448091,-0.35655683
Gesamt_3Arm,3246.8494473750006,-0.27625394,1.5249044,-0.7040968
device,3246.8551088750005,-0.77814865,1.6449658,-0.36064875
device,3246.865075333334,-0.7803433,1.6453109,-0.3647892
device,3246.875370500001,-0.7825054,1.6459237,-0.36906847
Gesamt_3Arm,3246.878293833334,-0.2801137,1.5249338,-0.7032122
device,3246.885219916667,-0.78450924,1.6467593,-0.37326464
device,3246.895161458334,-0.78646827,1.6477647,-0.37755504
device,3246.9052238750005,-0.78841734,1.6488473,-0.381867
Gesamt_3Arm,3246.9138970416675,-0.28088593,1.5249425,-0.7051874
device,3246.9150695416674,-0.7903867,1.6499573,-0.38603067
device,3246.9251169166673,-0.7923939,1.6509609,-0.39023435
device,3246.935261708334,-0.7944286,1.6518062,-0.39442295
Gesamt_3Arm,3246.9384167500007,-0.28439546,1.5251731,-0.70530915
device,3246.945147458334,-0.79644877,1.6524838,-0.39850843
device,3246.955094250001,-0.7984722,1.6530379,-0.40254885
device,3246.9652842916676,-0.8005109,1.6535305,-0.4066043
Gesamt_3Arm,3246.9702562500006,-0.28753912,1.5253516,-0.7045358
device,3246.9751986250008,-0.80250484,1.6539973,-0.410606
device,3246.985134458334,-0.80444145,1.6544718,-0.41457224
device,3246.9951660000006,-0.8063653,1.6549582,-0.4185778
Gesamt_3Arm,3246.998458583334,-0.289073,1.5255746,-0.7063322
device,3247.005192083334,-0.8082863,1.6553918,-0.42255914
device,3247.0150737500007,-0.81017184,1.6557901,-0.42650348
device,3247.025173708334,-0.8120699,1.656148,-0.43047988
Gesamt_3Arm,3247.030281125001,-0.29029143,1.5256498,-0.7070107
device,3247.0351447916673,-0.8139519,1.6564534,-0.43440107
device,3247.045068833334,-0.8158307,1.6567125,-0.43828365
device,3247.0551526666673,-0.8177297,1.6569347,-0.4421682
Gesamt_3Arm,3247.0599932916675,-0.29211485,1.5257496,-0.7085635
device,3247.0651580416675,-0.8196173,1.6571267,-0.44598514
device,3247.075059833334,-0.8214972,1.6573011,-0.4497503
device,3247.085146583334,-0.8233938,1.6574707,-0.45353195
Gesamt_3Arm,3247.092437208334,-0.29243445,1.525854,-0.7096996
device,3247.095079500001,-0.8252832,1.6576158,-0.45730215
device,3247.1051187500007,-0.8271705,1.6577897,-0.46108767
device,3247.115124833334,-0.82901716,1.6579974,-0.4648391
Gesamt_3Arm,3247.1187903750006,-0.29332626,1.5261545,-0.711874
device,3247.1250436666674,-0.83082557,1.6582407,-0.4685752
device,3247.135058125001,-0.83260983,1.6585131,-0.47233245
device,3247.1452961250006,-0.8343888,1.6588001,-0.4761467
Gesamt_3Arm,3247.1509909166675,-0.2935847,1.526228,-0.7131143
device,3247.155079708334,-0.83609366,1.6590638,-0.4798543
device,3247.1650776666675,-0.83779454,1.6592968,-0.48359838
device,3247.175140791667,-0.8394822,1.6594871,-0.48737618
Gesamt_3Arm,3247.1780581666676,-0.2943033,1.5261445,-0.7155262
device,3247.1850828750007,-0.8411267,1.659631,-0.49117476
device,3247.1950311250007,-0.8427398,1.6597617,-0.4949769
device,3247.205209458334,-0.8443401,1.6598922,-0.4988497
Gesamt_3Arm,3247.210073708334,-0.2943201,1.5260102,-0.716976
device,3247.215045708334,-0.8458655,1.6600207,-0.5026558
device,3247.2250532916673,-0.8473724,1.6601408,-0.5065338
device,3247.235479125001,-0.8488593,1.6602407,-0.510456
Gesamt_3Arm,3247.2385879166673,-0.29513347,1.5258296,-0.71949995
device,3247.245078833334,-0.8503008,1.6603111,-0.51433617
device,3247.2551006250005,-0.85173464,1.6603585,-0.51827407
device,3247.2652201250007,-0.85316455,1.6603924,-0.52228147
device,3247.275058875001,-0.8545475,1.660419,-0.52625704
Gesamt_3Arm,3247.276698708334,-0.29588366,1.5257632,-0.72093683
device,3247.285056500001,-0.8559376,1.660428,-0.5302932
device,3247.295211833334,-0.8573315,1.660419,-0.5343857
Gesamt_3Arm,3247.298838458334,-0.29669237,1.5256646,-0.7236626
device,3247.305079208334,-0.85869026,1.6603981,-0.53841764
device,3247.315051458334,-0.8600464,1.6603696,-0.5424872
device,3247.325278958334,-0.86141133,1.6603389,-0.54663366
Gesamt_3Arm,3247.330779708334,-0.29728425,1.5256778,-0.7250646
device,3247.3351704583342,-0.8627434,1.66031,-0.5507346
device,3247.3451047916674,-0.86405575,1.6602862,-0.5548389
device,3247.3551617916673,-0.8653536,1.6602714,-0.55895954
Gesamt_3Arm,3247.358468583334,-0.2981056,1.5257564,-0.7275373
device,3247.365175541667,-0.86663103,1.6602536,-0.5631066
device,3247.3750855000008,-0.86783636,1.6601841,-0.5672187
device,3247.385081583334,-0.86903954,1.660129,-0.5713705
Gesamt_3Arm,3247.3887667500007,-0.2985891,1.5257878,-0.72887075
device,3247.395097833334,-0.8702338,1.6600816,-0.5755151
device,3247.4050456666673,-0.87142366,1.660036,-0.5796682
device,3247.415090583334,-0.8726139,1.6599853,-0.58383614
Gesamt_3Arm,3247.4199535416674,-0.29939127,1.5257896,-0.73131007
device,3247.4251064166674,-0.8737955,1.6599293,-0.58800745
device,3247.435119583334,-0.8749779,1.6598808,-0.5922244
device,3247.445154583334,-0.8761494,1.6598711,-0.59645915
Gesamt_3Arm,3247.453694500001,-0.30003035,1.5257784,-0.7327443
device,3247.4551354166674,-0.87729716,1.6598681,-0.6006961
device,3247.4651217916676,-0.87843335,1.6598723,-0.6049779
device,3247.475257208334,-0.8795568,1.6598808,-0.6093051
Gesamt_3Arm,3247.4786647083342,-0.30083442,1.5257205,-0.73545295
device,3247.485272583334,-0.88065934,1.6598896,-0.61363816
device,3247.4949756250007,-0.8817289,1.6599013,-0.61793447
device,3247.505069791667,-0.8828035,1.6599205,-0.62236905
Gesamt_3Arm,3247.5109325416674,-0.30147898,1.5256753,-0.73698586
device,3247.5151165416673,-0.8838575,1.659943,-0.6268482
device,3247.5250342916675,-0.88488245,1.6599704,-0.6313391
device,3247.5351624166674,-0.8859048,1.6600022,-0.63596755
Gesamt_3Arm,3247.5383307916672,-0.30227935,1.5255407,-0.73996645
device,3247.5451752500007,-0.88691425,1.6600397,-0.64066464
device,3247.555099083334,-0.8879254,1.6600959,-0.64542973
device,3247.565136750001,-0.8889276,1.6601446,-0.65030503
Gesamt_3Arm,3247.5685481250007,-0.30264354,1.5254534,-0.74164665
device,3247.575195958334,-0.8899212,1.6601744,-0.65526456
device,3247.585331833334,-0.8909163,1.6601815,-0.66034365
device,3247.5952662916675,-0.8918972,1.6601672,-0.6654359
Gesamt_3Arm,3247.5985030000006,-0.30332017,1.5253211,-0.74469644
device,3247.6053257916674,-0.89288354,1.660135,-0.6706454
device,3247.6153181666673,-0.893872,1.6600907,-0.675951
device,3247.625103375001,-0.89485645,1.6600358,-0.68129975
device,3247.635184583334,-0.8958535,1.6599694,-0.6867703
Gesamt_3Arm,3247.637762666667,-0.3037238,1.5252172,-0.7462095
device,3247.6451497916673,-0.89684963,1.6599038,-0.69236803
device,3247.6552987916675,-0.897826,1.6598599,-0.69810647
Gesamt_3Arm,3247.658875875001,-0.3044299,1.5251102,-0.7490354
device,3247.665260750001,-0.89880157,1.6598428,-0.7039134
device,3247.6752362500006,-0.8997705,1.6598645,-0.7097434
device,3247.685255583334,-0.900751,1.6599249,-0.7157014
Gesamt_3Arm,3247.689266375001,-0.30470395,1.5250375,-0.750526
device,3247.6949786666673,-0.9017165,1.6600211,-0.7216126
device,3247.7050549166675,-0.90270567,1.6601584,-0.7276739
device,3247.7150212500005,-0.90368915,1.6603619,-0.7337649
Gesamt_3Arm,3247.718040333334,-0.3059374,1.5250803,-0.75330293
device,3247.725046958334,-0.9046624,1.6606902,-0.7399177
device,3247.7349492916674,-0.9056139,1.6611962,-0.746075
device,3247.7450699166675,-0.9065218,1.6618448,-0.7523093
Gesamt_3Arm,3247.7486776666674,-0.3061707,1.5250872,-0.7548201
device,3247.7549883750007,-0.907377,1.6625983,-0.7584869
device,3247.7650086250005,-0.9082064,1.6634343,-0.76469576
device,3247.774996083334,-0.9090071,1.6643286,-0.77087075
Gesamt_3Arm,3247.778195333334,-0.3066008,1.525184,-0.75790066
device,3247.7851381666674,-0.90978706,1.6652733,-0.77704775
device,3247.7949405416675,-0.91053677,1.6662338,-0.78312325
device,3247.805136958334,-0.9112958,1.667204,-0.78929675
Gesamt_3Arm,3247.8145074166673,-0.3064766,1.5252525,-0.7596979
device,3247.815041708334,-0.91201234,1.6681443,-0.7953234
device,3247.825058541667,-0.91270566,1.6690645,-0.8014008
device,3247.8351192916675,-0.913358,1.6699475,-0.8074454
Gesamt_3Arm,3247.838487458334,-0.30698705,1.5254068,-0.7630732
device,3247.8451783750006,-0.9139559,1.6708018,-0.8134841
device,3247.855250458334,-0.9144857,1.6716253,-0.8194921
device,3247.8650351666674,-0.91493917,1.6724077,-0.82542956
Gesamt_3Arm,3247.8686087083342,-0.3066342,1.5253781,-0.7648264
device,3247.8749582916676,-0.9153228,1.6731427,-0.83135283
device,3247.8850065000006,-0.915642,1.6738175,-0.8372816
device,3247.8949445000007,-0.91589814,1.6744008,-0.8431547
Gesamt_3Arm,3247.8980002916674,-0.30653298,1.5253558,-0.7678842
device,3247.904995958334,-0.916111,1.6748371,-0.8490741
device,3247.914920083334,-0.9162827,1.6751709,-0.85489523
device,3247.925023791667,-0.91641927,1.67541,-0.8607341
Gesamt_3Arm,3247.9284966250007,-0.30674446,1.525407,-0.7694765
device,3247.934926583334,-0.91651845,1.67556,-0.8664295
device,3247.944984625001,-0.9165787,1.6756419,-0.87213606
device,3247.955004833334,-0.9165968,1.6756688,-0.8777373
Gesamt_3Arm,3247.958514458334,-0.3063482,1.5255567,-0.7721569
device,3247.965089958334,-0.9165695,1.6756599,-0.8833189
device,3247.9749262916675,-0.9165001,1.6756278,-0.88876927
device,3247.9851119166674,-0.91639674,1.675602,-0.8942482
Gesamt_3Arm,3247.9934855000006,-0.30637455,1.5256069,-0.77364224
device,3247.994884916667,-0.9162512,1.6755561,-0.89954203
device,3248.0049830416674,-0.9160595,1.6754906,-0.9048701
device,3248.0150651250005,-0.9158268,1.6754085,-0.9101019
Gesamt_3Arm,3248.0181481250006,-0.306211,1.5257095,-0.7762369
device,3248.0249557500006,-0.91555476,1.6753119,-0.91522986
device,3248.034903583334,-0.9152435,1.6752032,-0.9202931
device,3248.044939375001,-0.914889,1.6750802,-0.9253163
Gesamt_3Arm,3248.048462583334,-0.3063035,1.5256975,-0.7776767
device,3248.054990708334,-0.9144914,1.6749461,-0.93028176
device,3248.065010083334,-0.91405463,1.6748033,-0.9351663
device,3248.075221708334,-0.91355944,1.674673,-0.9400842
Gesamt_3Arm,3248.078507875001,-0.30599916,1.5256655,-0.7801599
device,3248.084969208334,-0.9130297,1.6745487,-0.94482636
device,3248.0949012083342,-0.91245115,1.6744329,-0.9495246
device,3248.104897875001,-0.9118238,1.6743249,-0.9541834
Gesamt_3Arm,3248.108484125001,-0.30593455,1.5256376,-0.78150517
device,3248.1149267916676,-0.9111607,1.674219,-0.9587646
device,3248.125012291667,-0.91047144,1.6741104,-0.96325433
device,3248.135045000001,-0.90975666,1.6739991,-0.9676508
Gesamt_3Arm,3248.1382729583343,-0.30563688,1.5256361,-0.78387356
device,3248.145067833334,-0.9090159,1.6738882,-0.97195137
device,3248.154899333334,-0.90824986,1.6737841,-0.9761228
device,3248.1649682916673,-0.90744543,1.6736854,-0.980224
Gesamt_3Arm,3248.1740732500007,-0.30541527,1.5256431,-0.78538364
device,3248.1748839583342,-0.90662336,1.6735929,-0.9842619
device,3248.1848912916676,-0.90582633,1.6735226,-0.9883299
device,3248.1949109166676,-0.904989,1.6734328,-0.99230826
Gesamt_3Arm,3248.1979381666674,-0.30480242,1.5255913,-0.7881155
device,3248.205053708334,-0.9041028,1.6733178,-0.9962286
device,3248.215003208334,-0.9031763,1.6731822,-1.0000452
device,3248.225355208334,-0.90217793,1.6730201,-1.0038807
Gesamt_3Arm,3248.229008625001,-0.3043989,1.5255126,-0.78967685
device,3248.2352319166675,-0.901142,1.672832,-1.0076028
device,3248.2451315416674,-0.9000627,1.672612,-1.0112559
device,3248.2553364166674,-0.89890265,1.6723487,-1.0149672
Gesamt_3Arm,3248.258382166667,-0.3035493,1.5253704,-0.7923863
device,3248.2651310416672,-0.897712,1.6720581,-1.0185814
device,3248.274891833334,-0.8964474,1.6717486,-1.0222238
device,3248.2849043750007,-0.89511085,1.6714077,-1.025895
Gesamt_3Arm,3248.288882208334,-0.3029443,1.5252826,-0.7938417
device,3248.2949165416676,-0.8937119,1.6710413,-1.0295589
device,3248.3048616666674,-0.8922546,1.670657,-1.033198
device,3248.315972000001,-0.89055836,1.6702021,-1.0372362
Gesamt_3Arm,3248.3206466666675,-0.30199134,1.5251684,-0.79635394
device,3248.3248485416675,-0.8891361,1.6698213,-1.0404677
device,3248.3348111250007,-0.8874693,1.6693721,-1.044106
device,3248.3448842916673,-0.8857155,1.6689018,-1.0477942
Gesamt_3Arm,3248.3521876250006,-0.3015716,1.525067,-0.7976122
device,3248.3548784166674,-0.88390136,1.6684041,-1.0514545
device,3248.364904583334,-0.8820177,1.6678661,-1.0551208
device,3248.375133208334,-0.8800558,1.6672735,-1.0588171
Gesamt_3Arm,3248.378392708334,-0.30020225,1.5248288,-0.7995458
device,3248.3851334166675,-0.8780407,1.6666284,-1.0624958
device,3248.3950800416674,-0.8759941,1.6659443,-1.066123
device,3248.4052590416673,-0.8738414,1.6652031,-1.069822
Gesamt_3Arm,3248.410403958334,-0.2997768,1.5247227,-0.80068094
device,3248.415134125001,-0.8716582,1.6644452,-1.0734526
device,3248.4249530000006,-0.8694283,1.6636705,-1.0770403
device,3248.435337458334,-0.8670448,1.6628395,-1.0807513
Gesamt_3Arm,3248.438803208334,-0.29889297,1.5245668,-0.8026551
device,3248.444889125001,-0.8647064,1.6620224,-1.0842806
device,3248.4547995416674,-0.8622441,1.661152,-1.0878901
device,3248.4648478333343,-0.8597014,1.6602553,-1.0915562
Gesamt_3Arm,3248.4681689166673,-0.29842365,1.5244442,-0.80371106
device,3248.474845583334,-0.8570969,1.6593215,-1.0952129
device,3248.484813458334,-0.8544408,1.6583525,-1.0988427
device,3248.495193458334,-0.8516424,1.6573162,-1.1025724
Gesamt_3Arm,3248.4981320000006,-0.29765582,1.524182,-0.80563986
device,3248.504988708334,-0.84892833,1.6563,-1.1061015
device,3248.5147979166672,-0.8461206,1.6552502,-1.109679
device,3248.5248320000005,-0.84322,1.6541883,-1.1133231
Gesamt_3Arm,3248.5328476666673,-0.29731643,1.5241129,-0.8067462
device,3248.534842875001,-0.84026664,1.6531152,-1.1169503
device,3248.544798541667,-0.8372523,1.652054,-1.1205554
device,3248.5548345000007,-0.834141,1.6510233,-1.1241697
Gesamt_3Arm,3248.558044375001,-0.29632115,1.5238955,-0.80855155
device,3248.564806958334,-0.8309492,1.6500599,-1.1277496
device,3248.574824333334,-0.8276315,1.6491781,-1.131326
device,3248.584955458334,-0.8241589,1.6483715,-1.134922
Gesamt_3Arm,3248.5883370416673,-0.29575634,1.5237814,-0.80954236
device,3248.594816958334,-0.8206246,1.6476511,-1.138447
device,3248.6048798750007,-0.81691915,1.6469955,-1.1420217
device,3248.614847250001,-0.8131361,1.646411,-1.1455638
Gesamt_3Arm,3248.617703833334,-0.29446518,1.5232861,-0.8112227
device,3248.6248475000007,-0.8092218,1.6458869,-1.1491371
device,3248.634791125001,-0.80521166,1.6454288,-1.1527443
device,3248.6449454166673,-0.8011018,1.6450107,-1.1563979
Gesamt_3Arm,3248.6494078750006,-0.2943499,1.5233192,-0.8113184
device,3248.6548202500007,-0.7969936,1.6446756,-1.1600143
device,3248.664887250001,-0.7928004,1.64451,-1.1636685
device,3248.674874791667,-0.78855014,1.6446192,-1.1672897
Gesamt_3Arm,3248.680809958334,-0.29282796,1.5229086,-0.81262827
device,3248.685082583334,-0.78416264,1.6450343,-1.1708982
device,3248.6948416250007,-0.77981615,1.6456655,-1.1743573
device,3248.704892958334,-0.775368,1.646421,-1.1778626
Gesamt_3Arm,3248.712761833334,-0.29115343,1.5231795,-0.8140047
device,3248.715094875001,-0.7708992,1.6472268,-1.1814479
device,3248.7248337083342,-0.7665932,1.6479276,-1.1849465
device,3248.734803666667,-0.76232123,1.6485146,-1.1884754
Gesamt_3Arm,3248.7385605416675,-0.28909707,1.523503,-0.81541806
device,3248.7450170416673,-0.758085,1.6490018,-1.1920234
device,3248.754763250001,-0.7540277,1.6494179,-1.195446
device,3248.7649679166675,-0.74992275,1.6498408,-1.1988988
Gesamt_3Arm,3248.7695350416675,-0.28794014,1.5236439,-0.8160669
device,3248.7748506666676,-0.74595845,1.6502963,-1.2022009
device,3248.784931333334,-0.74196005,1.6508272,-1.2054787
device,3248.7948341666674,-0.7380507,1.6514072,-1.2086289
Gesamt_3Arm,3248.7976856250007,-0.28594267,1.5240607,-0.81732595
device,3248.804795583334,-0.7341337,1.6520072,-1.2117493
device,3248.814876583334,-0.7302813,1.6525459,-1.2148457
device,3248.8248277500006,-0.72649646,1.6530433,-1.2178924
Gesamt_3Arm,3248.8292783750007,-0.28499293,1.5242198,-0.81821823
device,3248.8348140000007,-0.7227657,1.6534979,-1.2209045
device,3248.844833625001,-0.71909213,1.653909,-1.2238812
device,3248.8548442500005,-0.71546084,1.6542761,-1.2268298
Gesamt_3Arm,3248.8579937916675,-0.28309035,1.5242896,-0.8196535
device,3248.8648055416675,-0.71190953,1.6545945,-1.2297236
device,3248.8748697916676,-0.7083738,1.65487,-1.2326149
device,3248.8848179166675,-0.7049284,1.6551185,-1.2355244
Gesamt_3Arm,3248.892726166667,-0.28204954,1.524405,-0.8205663
device,3248.8947662916676,-0.70149493,1.655344,-1.2384064
device,3248.904843208334,-0.6980462,1.6555516,-1.2412761
device,3248.9148792083342,-0.6946187,1.6557418,-1.2440951
Gesamt_3Arm,3248.918247041667,-0.2798103,1.5246403,-0.82196724
device,3248.924796458334,-0.6911906,1.6559118,-1.246884
device,3248.9348313750006,-0.68776083,1.6560589,-1.249648
device,3248.945032875001,-0.6842513,1.6561775,-1.2524498
device,3248.9549126666675,-0.6808946,1.6562524,-1.2551097
Gesamt_3Arm,3248.955727041667,-0.27757227,1.5247629,-0.82331026
device,3248.9648427916673,-0.677475,1.6562806,-1.2578019
device,3248.9748142500007,-0.6740527,1.6562608,-1.2604814
Gesamt_3Arm,3248.9778945416674,-0.27701688,1.524889,-0.8247266
device,3248.9848117500005,-0.67064,1.6561766,-1.2631586
device,3248.9949009166676,-0.6672487,1.6559944,-1.2658868
device,3249.004845333334,-0.6638628,1.6557924,-1.2685944
Gesamt_3Arm,3249.0087410416672,-0.27582908,1.5249298,-0.82549095
device,3249.0148217916676,-0.6604723,1.6555794,-1.2712866
device,3249.024857541667,-0.6570363,1.6553571,-1.2739991
device,3249.0349597916675,-0.6535821,1.6551349,-1.2767118
Gesamt_3Arm,3249.038616791667,-0.27377486,1.525022,-0.82695323
device,3249.044941958334,-0.6501303,1.6549306,-1.2794025
device,3249.054883208334,-0.64667845,1.6547484,-1.2820709
device,3249.064820833334,-0.64317334,1.6546019,-1.2847645
Gesamt_3Arm,3249.073490333334,-0.2722795,1.5250525,-0.8273525
device,3249.074769208334,-0.63965154,1.6545206,-1.2874842
device,3249.0848180000007,-0.6360863,1.6544595,-1.2902169
device,3249.0948174166674,-0.6324923,1.6544247,-1.2929547
Gesamt_3Arm,3249.0980753333342,-0.27052832,1.525258,-0.829118
device,3249.1047626666673,-0.6288816,1.65442,-1.2956858
device,3249.1148275000005,-0.625225,1.654452,-1.2984283
device,3249.1248718750007,-0.62153244,1.6545191,-1.3011796
Gesamt_3Arm,3249.130179208334,-0.269217,1.5252988,-0.82964426
device,3249.134823083334,-0.6178298,1.654618,-1.3039205
device,3249.144848416667,-0.6141022,1.6547489,-1.3066552
device,3249.154845458334,-0.6103492,1.6549083,-1.3093805
Gesamt_3Arm,3249.157753333334,-0.267231,1.5254223,-0.831066
device,3249.1647883750006,-0.60653967,1.6551025,-1.3121098
device,3249.1748180833342,-0.60264814,1.6553448,-1.3148488
device,3249.184794583334,-0.5987184,1.6556108,-1.3175738
Gesamt_3Arm,3249.1885090000005,-0.26598752,1.5254331,-0.83165145
device,3249.1947672500005,-0.59474015,1.655888,-1.3202899
device,3249.204785083334,-0.59070086,1.656164,-1.3230126
device,3249.2148139166675,-0.5866114,1.6564313,-1.3257344
Gesamt_3Arm,3249.2183250000007,-0.26357412,1.5253464,-0.8324729
device,3249.2248503750006,-0.582464,1.6566833,-1.3284599
device,3249.2347248750007,-0.5783212,1.6569135,-1.3311484
device,3249.244803166667,-0.5740895,1.6571249,-1.3338592
Gesamt_3Arm,3249.252218583334,-0.2627095,1.525394,-0.8334801
device,3249.254721458334,-0.5698273,1.6573095,-1.3365624
device,3249.2647540000007,-0.56554043,1.6574492,-1.3392917
device,3249.274806458334,-0.56120944,1.6575799,-1.3420141
Gesamt_3Arm,3249.277797958334,-0.26053667,1.5253665,-0.8344588
device,3249.2847690416675,-0.55681664,1.6577058,-1.3447357
device,3249.294700333334,-0.5523977,1.657828,-1.3474367
device,3249.305027000001,-0.54784757,1.6579517,-1.350178
Gesamt_3Arm,3249.3084912916675,-0.2596351,1.525406,-0.83540165
device,3249.3147584166672,-0.5433557,1.6580611,-1.3528484
device,3249.3248117500007,-0.5387566,1.6581517,-1.3555517
device,3249.334769833334,-0.53412974,1.6582563,-1.3582475
Gesamt_3Arm,3249.3378082500008,-0.2576871,1.525378,-0.83679724
device,3249.344811583334,-0.5294367,1.6583319,-1.3609515
device,3249.354720833334,-0.52474284,1.6583722,-1.3636241
device,3249.3647942500006,-0.5199506,1.658376,-1.3663201
Gesamt_3Arm,3249.3683752500006,-0.2567382,1.5253683,-0.8377589
device,3249.374788875001,-0.51515675,1.6583405,-1.3689865
device,3249.384782750001,-0.51030385,1.6582562,-1.3716611
device,3249.3956966250007,-0.50540006,1.6581122,-1.3743407
Gesamt_3Arm,3249.4001742916676,-0.2547077,1.5252132,-0.8392371
device,3249.4047556666674,-0.5005069,1.6579043,-1.3769927
device,3249.414721458334,-0.4955719,1.6576245,-1.3796452
device,3249.424760375001,-0.49056038,1.6572651,-1.382318
device,3249.434792208334,-0.48552895,1.6568382,-1.3849902
Gesamt_3Arm,3249.4350906250006,-0.25381565,1.525137,-0.84025776
device,3249.4447487916673,-0.48046312,1.6563683,-1.3876597
device,3249.454745333334,-0.4753463,1.6558856,-1.3903142
Gesamt_3Arm,3249.4582738333343,-0.25190306,1.5248806,-0.84197986
device,3249.4648023750005,-0.4701669,1.6554152,-1.392946
device,3249.4746906666674,-0.4649719,1.6549708,-1.3955268
device,3249.4848915000007,-0.4596566,1.6545528,-1.3981087
Gesamt_3Arm,3249.4883223750007,-0.25099587,1.5247997,-0.84302795
device,3249.4947231250007,-0.45441133,1.6542158,-1.400601
device,3249.504831708334,-0.44905072,1.6540087,-1.403079
device,3249.5147357083342,-0.44366822,1.6539869,-1.4054693
Gesamt_3Arm,3249.517681333334,-0.24891186,1.5246495,-0.84445786
device,3249.5247830416674,-0.4381832,1.6541513,-1.4077835
device,3249.5346884166674,-0.4327556,1.6544288,-1.4100113
device,3249.5447705000006,-0.42725462,1.6547655,-1.412239
Gesamt_3Arm,3249.5484084166674,-0.24792361,1.5247711,-0.84554744
device,3249.554678958334,-0.42182428,1.6551274,-1.4144253
device,3249.5646957500007,-0.41636002,1.655521,-1.4166063
device,3249.574696750001,-0.4109084,1.6559556,-1.4187487
Gesamt_3Arm,3249.577910000001,-0.24558723,1.5249984,-0.8469465
device,3249.5848462916674,-0.40538013,1.656445,-1.4208698
device,3249.594660583334,-0.40000284,1.6569644,-1.4228734
device,3249.6052082500005,-0.394365,1.6575375,-1.4249105
device,3249.6149412916675,-0.38900113,1.6580895,-1.426791
Gesamt_3Arm,3249.615484416667,-0.24436629,1.5251536,-0.84781057
device,3249.624863958334,-0.38359886,1.6586319,-1.4286504
device,3249.634971125001,-0.37815437,1.6591725,-1.4304476
Gesamt_3Arm,3249.6383051666676,-0.2420541,1.525338,-0.8490905
device,3249.644891833334,-0.37276447,1.6597018,-1.4321495
device,3249.654886333334,-0.36739397,1.6602106,-1.4337716
device,3249.665193791667,-0.361884,1.6606923,-1.4353708
Gesamt_3Arm,3249.669470833334,-0.24093568,1.5253723,-0.84965163
device,3249.675036083334,-0.3566901,1.6610875,-1.4368315
device,3249.6849911250006,-0.35145497,1.6614213,-1.4382633
device,3249.695004750001,-0.34631574,1.6616926,-1.4396291
Gesamt_3Arm,3249.6982125416675,-0.2389381,1.5254602,-0.85072553
device,3249.7049496666673,-0.3412065,1.6619235,-1.4409399
device,3249.7148748750005,-0.3362083,1.6621432,-1.442162
device,3249.7249186250006,-0.33124697,1.6623356,-1.4433181
Gesamt_3Arm,3249.7301409166676,-0.23800027,1.5255599,-0.85146517
device,3249.7348786666676,-0.3263534,1.662502,-1.4444008
device,3249.744868625001,-0.3215447,1.662647,-1.4454074
device,3249.754925750001,-0.31677878,1.6627791,-1.4463458
Gesamt_3Arm,3249.758398000001,-0.2360841,1.5257255,-0.8522856
device,3249.764957541667,-0.3120603,1.6629021,-1.4472138
device,3249.774923083334,-0.30744433,1.6630119,-1.4480066
device,3249.784981333334,-0.30285418,1.6631011,-1.4487449
device,3249.7949826666672,-0.29834163,1.6631601,-1.4494319
device,3249.8046284583343,-0.29392654,1.6631988,-1.4500763
Gesamt_3Arm,3249.812720708334,-0.23514128,1.5257915,-0.85287255
device,3249.8146450416675,-0.28943586,1.6632462,-1.4507564
Gesamt_3Arm,3249.8179550416676,-0.23329365,1.5259235,-0.8538276
device,3249.824673583334,-0.2849512,1.6632822,-1.4513903
device,3249.834673833334,-0.28052425,1.6633046,-1.4519722
device,3249.844760583334,-0.27609298,1.663308,-1.4525137
Gesamt_3Arm,3249.848233500001,-0.23237836,1.5260042,-0.85435426
device,3249.855076500001,-0.27161974,1.6632826,-1.4530236
device,3249.8646522500007,-0.26739514,1.6632308,-1.4534744
device,3249.8746620000006,-0.26303184,1.6631562,-1.4539089
Gesamt_3Arm,3249.8774984583342,-0.2305497,1.5261513,-0.8547195
device,3249.884731583334,-0.25869244,1.6630782,-1.4543104
device,3249.8945942916675,-0.2544167,1.6629792,-1.4546665
device,3249.904629333334,-0.25010914,1.6628549,-1.454987
Gesamt_3Arm,3249.908640333334,-0.22967625,1.5262325,-0.85534024
device,3249.9146397916675,-0.24582183,1.6627018,-1.4552677
device,3249.924596708334,-0.24156344,1.6625156,-1.4555116
device,3249.9346475416673,-0.23729202,1.6622967,-1.4557235
Gesamt_3Arm,3249.937715000001,-0.2279526,1.5263245,-0.8559767
device,3249.9446237500006,-0.23304603,1.6620482,-1.4559005
device,3249.954609125001,-0.22880313,1.6617738,-1.4560425
device,3249.9647071666673,-0.22455987,1.6614759,-1.4561468
device,3249.974609708334,-0.22031128,1.6611733,-1.4562091
Gesamt_3Arm,3249.9768371666673,-0.22713637,1.5263255,-0.85613394
device,3249.9846351250008,-0.21597636,1.6609106,-1.4562187
device,3249.9946665416674,-0.21164191,1.6606321,-1.4561874
Gesamt_3Arm,3249.997935375001,-0.22541273,1.5263882,-0.8568425
device,3250.0046217500008,-0.20732498,1.6603421,-1.4561118
device,3250.014592833334,-0.20300826,1.6600436,-1.4559906
device,3250.0246955416674,-0.19864583,1.6597307,-1.4558234
Gesamt_3Arm,3250.0282518333343,-0.2245673,1.5264198,-0.8573166
device,3250.034689708334,-0.19430923,1.6594117,-1.455613
device,3250.0446007916676,-0.18997976,1.6590823,-1.4553645
device,3250.0546449166673,-0.18558693,1.6587305,-1.4550864
Gesamt_3Arm,3250.0576901250006,-0.2228818,1.5264463,-0.85790133
device,3250.0646390000006,-0.18119356,1.6583719,-1.4547614
device,3250.0745896250005,-0.17679834,1.6580074,-1.4543905
device,3250.0847355000005,-0.17235872,1.6576326,-1.4539679
Gesamt_3Arm,3250.088178833334,-0.22202599,1.5264452,-0.8583548
device,3250.0946392916676,-0.16792378,1.6572514,-1.4534986
device,3250.104581708334,-0.1634888,1.6568605,-1.4529815
device,3250.1147351666673,-0.15895295,1.656451,-1.4524066
Gesamt_3Arm,3250.118288333334,-0.22034025,1.5263723,-0.8585858
device,3250.1249531250005,-0.1544025,1.6560252,-1.4517795
device,3250.1346299583342,-0.14999044,1.6555935,-1.4511234
device,3250.1446434166673,-0.14544106,1.6551245,-1.4503977
Gesamt_3Arm,3250.1531050416675,-0.21940637,1.5263537,-0.8593197
device,3250.1546372500006,-0.14085895,1.6546165,-1.4496144
device,3250.1645991250007,-0.1362639,1.6540732,-1.4487877
device,3250.1746772500005,-0.1316266,1.6534873,-1.4479132
Gesamt_3Arm,3250.1779029166673,-0.21768522,1.5261852,-0.859496
device,3250.1846386666675,-0.12698513,1.6528646,-1.4469985
device,3250.194607083334,-0.12233552,1.6522095,-1.4460405
device,3250.204700458334,-0.117628574,1.6515232,-1.4450244
Gesamt_3Arm,3250.209880250001,-0.21675932,1.5261016,-0.8599416
device,3250.2149933750006,-0.11283225,1.6508027,-1.4439389
device,3250.2246115000007,-0.10821077,1.6500852,-1.4428452
device,3250.234832875001,-0.10338366,1.6493117,-1.441659
Gesamt_3Arm,3250.237601708334,-0.21511209,1.5258273,-0.85957515
device,3250.2446371666674,-0.098671675,1.6485507,-1.440459
device,3250.254633958334,-0.093811125,1.6478254,-1.4391757
device,3250.2646349166675,-0.08892721,1.6471046,-1.4378374
device,3250.274645583334,-0.084030986,1.646395,-1.4364517
Gesamt_3Arm,3250.280367375001,-0.21428812,1.5256559,-0.8595957
device,3250.284581708334,-0.07914388,1.6456933,-1.4350338
device,3250.2948787916675,-0.07414192,1.6449729,-1.433554
Gesamt_3Arm,3250.298111083334,-0.21238256,1.5252154,-0.8599129
device,3250.3046517916673,-0.06923473,1.6442541,-1.4320807
device,3250.314664208334,-0.06427038,1.6435176,-1.4305649
device,3250.324600541667,-0.05927074,1.6427773,-1.4290032
device,3250.334650958334,-0.05422592,1.6420529,-1.4273837
Gesamt_3Arm,3250.334978833334,-0.2109406,1.5248789,-0.8604304
device,3250.344573375001,-0.049221873,1.6413361,-1.4257228
device,3250.3546646250006,-0.04415834,1.6406109,-1.4239839
Gesamt_3Arm,3250.3580057500008,-0.20954466,1.5245482,-0.8609061
device,3250.364604208334,-0.039135337,1.639898,-1.4221967
device,3250.374655583334,-0.03408861,1.6392028,-1.4203372
device,3250.384616833334,-0.029083014,1.6385623,-1.4184173
Gesamt_3Arm,3250.3882893750006,-0.20718694,1.5239764,-0.8613852
device,3250.3946387916676,-0.024080276,1.637994,-1.4164166
device,3250.404612250001,-0.019119859,1.6375148,-1.4143534
device,3250.414638333334,-0.014131398,1.6371336,-1.4122106
Gesamt_3Arm,3250.4178391250007,-0.20484173,1.523529,-0.86197066
device,3250.424590583334,-0.009202299,1.6369233,-1.4100358
device,3250.4345905416676,-0.0042672725,1.6369431,-1.4077861
device,3250.4445696666676,0.00066688523,1.6372608,-1.4054445
Gesamt_3Arm,3250.448167708334,-0.2044673,1.5234754,-0.8623208
device,3250.454560625001,0.005589962,1.637883,-1.4030023
device,3250.464516333334,0.010496259,1.6387252,-1.4004862
device,3250.4746140000007,0.0154386135,1.6396679,-1.3979214
Gesamt_3Arm,3250.4780354166674,-0.20018804,1.5237405,-0.8639688
device,3250.484556958334,0.020300984,1.6405728,-1.3954127
device,3250.4946479166674,0.025164513,1.6413624,-1.3929474
device,3250.5045850416673,0.029977083,1.6419449,-1.390563
Gesamt_3Arm,3250.5131689166674,-0.19825172,1.5238856,-0.86369
device,3250.5145647500008,0.034696013,1.6422205,-1.3882464
device,3250.5245372916675,0.03934795,1.6423472,-1.3860425
device,3250.5345867083342,0.04395497,1.6423892,-1.38391
Gesamt_3Arm,3250.5378539166672,-0.19549835,1.5240331,-0.8627192
device,3250.5445676666673,0.04846397,1.6424147,-1.3818331
device,3250.5545456666673,0.052886304,1.6424721,-1.3797776
device,3250.5645874166676,0.057254672,1.6425776,-1.3777225
Gesamt_3Arm,3250.569635333334,-0.19401145,1.5242501,-0.8616904
device,3250.574619708334,0.061550885,1.6427155,-1.3756818
device,3250.5845731250006,0.06575692,1.642861,-1.373683
device,3250.5945900416673,0.06994772,1.6430024,-1.3717207
Gesamt_3Arm,3250.5976583750007,-0.19066298,1.5245955,-0.8614727
device,3250.604604333334,0.07412243,1.6431723,-1.3698304
device,3250.614569500001,0.078217745,1.6433203,-1.368021
device,3250.624807625001,0.08233482,1.6434579,-1.3662566
Gesamt_3Arm,3250.6285108750008,-0.18920696,1.5246534,-0.8605293
device,3250.6345664166674,0.08630049,1.6435918,-1.3646078
device,3250.644524375001,0.09028494,1.6437395,-1.3630035
device,3250.6545346666676,0.094242334,1.6439078,-1.3614573
Gesamt_3Arm,3250.657840333334,-0.18616974,1.5250345,-0.8598287
device,3250.664621250001,0.0982137,1.6441114,-1.3599478
device,3250.674539458334,0.10211983,1.6443552,-1.3584924
device,3250.6845414166673,0.10604763,1.6446558,-1.3570411
device,3250.694522625001,0.10996938,1.6450269,-1.355586
Gesamt_3Arm,3250.6947722916675,-0.18488014,1.5253053,-0.85877985
device,3250.704517333334,0.11388081,1.6454309,-1.3541405
device,3250.714548083334,0.11777055,1.6458435,-1.3527067
Gesamt_3Arm,3250.717919458334,-0.18202674,1.5257841,-0.8579128
device,3250.7245664583343,0.12165511,1.6462495,-1.3512775
device,3250.7345045000006,0.12549615,1.6466284,-1.3498704
device,3250.7445507500006,0.12937129,1.6469818,-1.3484523
device,3250.754592833334,0.13324761,1.6473123,-1.3470267
Gesamt_3Arm,3250.7603601666674,-0.18026412,1.52592,-0.85738695
device,3250.7644987916674,0.13708955,1.647612,-1.3456026
device,3250.774545375001,0.14098966,1.6478909,-1.3441505
Gesamt_3Arm,3250.7775484166673,-0.17784977,1.5259378,-0.85588026
device,3250.784630458334,0.14501595,1.648159,-1.3426855
device,3250.7944910000006,0.14901048,1.6483985,-1.3412087
device,3250.804513833334,0.15303662,1.6486129,-1.339689
Gesamt_3Arm,3250.808219708334,-0.17589462,1.5259838,-0.85571873
device,3250.814523083334,0.15705734,1.6488063,-1.3381369
device,3250.824460083334,0.16105926,1.6489775,-1.3365518
device,3250.834701083334,0.16510606,1.6491259,-1.334904
Gesamt_3Arm,3250.837744250001,-0.17324269,1.525934,-0.8548126
device,3250.8446477500006,0.1691215,1.6492496,-1.3332207
device,3250.854490333334,0.1730715,1.6493434,-1.3315197
device,3250.8644892500006,0.17706454,1.6494043,-1.3297467
Gesamt_3Arm,3250.873360041667,-0.17171228,1.5258969,-0.8541336
device,3250.874483833334,0.18104434,1.6494186,-1.3279085
device,3250.8844802916674,0.1850268,1.6493925,-1.3260388
device,3250.894521583334,0.18900064,1.6493319,-1.3241448
Gesamt_3Arm,3250.898028583334,-0.16921282,1.5258142,-0.85308015
device,3250.9046252916673,0.19299519,1.6492445,-1.3222113
device,3250.9144726666673,0.19692272,1.6491427,-1.3202751
device,3250.9245924166676,0.20090675,1.6490263,-1.3182769
Gesamt_3Arm,3250.9281570416674,-0.16767728,1.5258317,-0.85242724
device,3250.9348596250006,0.20494056,1.648896,-1.3162222
device,3250.945009041667,0.20895636,1.6487535,-1.3141496
device,3250.954588458334,0.21279562,1.6486099,-1.3121417
Gesamt_3Arm,3250.957394333334,-0.16541016,1.5258497,-0.8511181
device,3250.964819333334,0.21681726,1.6484582,-1.3100096
device,3250.974707500001,0.22081566,1.6483176,-1.3078628
device,3250.984835958334,0.22496653,1.6482109,-1.3056035
Gesamt_3Arm,3250.988881083334,-0.16427195,1.5258577,-0.8501543
device,3250.9946991666675,0.2290453,1.6481067,-1.3033504
device,3251.0046832916673,0.23316768,1.6480048,-1.3010422
device,3251.014872083334,0.23735201,1.6479063,-1.2986655
Gesamt_3Arm,3251.0189289166674,-0.16172671,1.5258895,-0.8489862
device,3251.0244856250006,0.24142015,1.6478199,-1.2963238
device,3251.0344795000005,0.24555743,1.6477454,-1.2939078
device,3251.0444873750007,0.24972665,1.6476818,-1.2914382
Gesamt_3Arm,3251.0530690000005,-0.16104639,1.5258732,-0.8476822
device,3251.0544455416675,0.25389117,1.647625,-1.2889388
device,3251.0644280000006,0.2580775,1.6475995,-1.2864001
device,3251.074501958334,0.2622993,1.6476111,-1.2838131
Gesamt_3Arm,3251.0778660000005,-0.16032016,1.5257254,-0.8447503
device,3251.0844687500007,0.26649952,1.6476628,-1.2812124
device,3251.0944105416675,0.2707056,1.647757,-1.2785807
device,3251.104504708334,0.27497178,1.6478937,-1.2758819
Gesamt_3Arm,3251.1079981666676,-0.15884721,1.5257554,-0.84410787
device,3251.1144720000007,0.27920797,1.6480607,-1.2731705
device,3251.124453958334,0.28346574,1.64825,-1.2704171
device,3251.134495333334,0.2877579,1.6484463,-1.2676167
Gesamt_3Arm,3251.1374705416674,-0.1575774,1.5256181,-0.8416121
device,3251.1444522500005,0.2920555,1.6486466,-1.264793
device,3251.154422583334,0.29636562,1.6488453,-1.2619395
device,3251.1644620000006,0.3007003,1.6490389,-1.2590494
Gesamt_3Arm,3251.1684640000008,-0.15639007,1.5256095,-0.8407507
device,3251.1744299166676,0.30503047,1.6492231,-1.2561402
device,3251.184479208334,0.30938184,1.6493949,-1.2531904
device,3251.194783083334,0.31380856,1.6495528,-1.2501632
Gesamt_3Arm,3251.1980501666676,-0.15341508,1.5256251,-0.8398073
device,3251.204473791667,0.31808662,1.6496866,-1.2472084
device,3251.2144173750007,0.32243145,1.6498092,-1.2441733
device,3251.224745291667,0.3268385,1.649934,-1.2410536
device,3251.234695958334,0.33119726,1.6500655,-1.2379293
Gesamt_3Arm,3251.237694833334,-0.1521846,1.5257232,-0.8393743
device,3251.2446359166674,0.33561495,1.6502073,-1.2347305
device,3251.254767583334,0.34005967,1.6503702,-1.2314578
Gesamt_3Arm,3251.258395375001,-0.14952695,1.5257903,-0.8382859
device,3251.2646955416676,0.3444468,1.6505686,-1.2281729
device,3251.2746267500006,0.34878886,1.6508353,-1.2248514
device,3251.2846977916674,0.35315776,1.6512039,-1.2214204
Gesamt_3Arm,3251.288564291667,-0.14958978,1.5257787,-0.8365402
device,3251.294813208334,0.35751843,1.6516781,-1.2178961
device,3251.304660208334,0.36175895,1.6522233,-1.2143776
device,3251.3147476666672,0.36597967,1.652824,-1.2107964
Gesamt_3Arm,3251.318056958334,-0.14700377,1.5261179,-0.83512264
device,3251.324648791667,0.37018028,1.6534698,-1.2071326
device,3251.334635458334,0.3743079,1.6541665,-1.2033788
device,3251.344669333334,0.3784188,1.6549217,-1.1995449
Gesamt_3Arm,3251.348392125001,-0.14498663,1.5264448,-0.83492064
device,3251.3547167500005,0.3824877,1.6557295,-1.1956439
device,3251.364657208334,0.38648954,1.6565698,-1.1917009
device,3251.3744415416672,0.39040354,1.6574057,-1.1877465
Gesamt_3Arm,3251.377679083334,-0.1437819,1.5267737,-0.832553
device,3251.384453708334,0.39432824,1.6582354,-1.1836908
device,3251.394403791667,0.39817753,1.6590184,-1.1796337
device,3251.404454291667,0.40201357,1.6597488,-1.1755362
Gesamt_3Arm,3251.412996333334,-0.14260495,1.5269206,-0.8316572
device,3251.4144107500006,0.4057606,1.660397,-1.1714667
device,3251.4244467916674,0.4094818,1.6609671,-1.1673701
device,3251.434445583334,0.41313708,1.6614496,-1.1632959
Gesamt_3Arm,3251.437897208334,-0.13988125,1.5272595,-0.830571
device,3251.444433625001,0.4167186,1.6618489,-1.1592557
device,3251.454407750001,0.42022705,1.6621768,-1.1552469
device,3251.4644587500006,0.42367852,1.6624525,-1.1512407
Gesamt_3Arm,3251.4685491250007,-0.13938701,1.5273657,-0.8294647
device,3251.4744861250006,0.4270389,1.6626897,-1.1472695
device,3251.4843655416676,0.43027103,1.6629022,-1.1433704
device,3251.4944630416676,0.43345463,1.6630993,-1.1394489
Gesamt_3Arm,3251.4975567500005,-0.13685966,1.5277717,-0.8283104
device,3251.504436333334,0.43654025,1.663273,-1.1355634
device,3251.5143849166675,0.43950468,1.6634063,-1.131702
device,3251.5244105000006,0.44240835,1.6635159,-1.1278524
Gesamt_3Arm,3251.528043708334,-0.1350857,1.527982,-0.82794046
device,3251.5344035000007,0.44522262,1.6636047,-1.1240597
device,3251.544636708334,0.44798118,1.6636803,-1.1202719
device,3251.554684208334,0.45065176,1.6637435,-1.1165277
Gesamt_3Arm,3251.558057083334,-0.13240719,1.5282345,-0.82663786
device,3251.5647671666675,0.45323884,1.6637955,-1.1128204
device,3251.574732333334,0.45574045,1.6638379,-1.1091514
device,3251.5844126666675,0.45811677,1.6638713,-1.1055784
Gesamt_3Arm,3251.593172083334,-0.12966526,1.528454,-0.82653975
device,3251.594355333334,0.46046436,1.6639136,-1.1019703
device,3251.604379958334,0.4627812,1.6640303,-1.0984228
device,3251.614441333334,0.46502307,1.6641473,-1.0948617
Gesamt_3Arm,3251.6176250416675,-0.12878036,1.5284374,-0.824198
device,3251.624649208334,0.4671806,1.6642647,-1.0913008
device,3251.634393083334,0.4692148,1.6643758,-1.0877993
device,3251.6445187500008,0.4712135,1.6644824,-1.0842139
Gesamt_3Arm,3251.6497572500007,-0.12931657,1.5282952,-0.8224648
device,3251.6544522500008,0.47310236,1.6645805,-1.0806823
device,3251.664377583334,0.47492993,1.6646657,-1.0771306
device,3251.674421958334,0.47671747,1.6647419,-1.0735362
Gesamt_3Arm,3251.677462083334,-0.12668014,1.5283608,-0.82111573
device,3251.6844418750006,0.47847217,1.6648082,-1.0699476
device,3251.6943577916672,0.4801643,1.6648409,-1.0663476
device,3251.7044293333342,0.4818108,1.6648326,-1.0627046
Gesamt_3Arm,3251.708409708334,-0.12771535,1.5281528,-0.81934124
device,3251.714410458334,0.483392,1.66478,-1.0590764
device,3251.7243831666674,0.48491526,1.664691,-1.0554409
device,3251.7347599166674,0.4864123,1.6645728,-1.0517162
Gesamt_3Arm,3251.737802583334,-0.1262945,1.5281352,-0.81754637
device,3251.744413958334,0.48780668,1.6644397,-1.0480855
device,3251.754369333334,0.4891523,1.6642851,-1.0444255
device,3251.7643940000007,0.4904479,1.6641065,-1.0407335
Gesamt_3Arm,3251.7724251250006,-0.12724411,1.5279584,-0.8160361
device,3251.774378458334,0.49169472,1.6639068,-1.0370543
device,3251.7843826250005,0.49296048,1.6636949,-1.0333583
device,3251.794503333334,0.49417606,1.6634709,-1.029627
Gesamt_3Arm,3251.797687958334,-0.12681425,1.5278739,-0.8141351
device,3251.804412583334,0.49530414,1.6632419,-1.0259591
device,3251.8143607916672,0.49637106,1.6630051,-1.022254
device,3251.8247040000006,0.49739057,1.6627566,-1.0184679
Gesamt_3Arm,3251.828120583334,-0.1266371,1.5278077,-0.8131299
device,3251.8344165416675,0.4983201,1.662507,-1.0147734
device,3251.8443730416675,0.49919486,1.6622462,-1.011051
device,3251.8544282916673,0.500026,1.6619799,-1.0072664
Gesamt_3Arm,3251.857281958334,-0.12637794,1.5276709,-0.81106925
device,3251.8643673750007,0.50081587,1.66173,-1.0034963
device,3251.874369083334,0.5015398,1.661472,-0.9997041
device,3251.884390083334,0.5022058,1.6611953,-0.99586576
Gesamt_3Arm,3251.888608916667,-0.12636709,1.5275726,-0.8100781
device,3251.894352625001,0.5028069,1.660901,-0.99202144
device,3251.904320583334,0.50334346,1.6605854,-0.9881597
device,3251.9146181250007,0.5038221,1.6602422,-0.98420495
Gesamt_3Arm,3251.9176354166675,-0.12533021,1.5274751,-0.8082739
device,3251.924600666667,0.5042255,1.6598879,-0.9802648
device,3251.9344018750007,0.5045537,1.6595274,-0.9763456
device,3251.9444381250005,0.50483024,1.6591526,-0.9723046
Gesamt_3Arm,3251.9529512500008,-0.12618136,1.5272958,-0.8068983
device,3251.9543475000005,0.5050913,1.6587766,-0.9682645
device,3251.9643273750007,0.5052756,1.6583927,-0.964148
device,3251.9743902916675,0.50538313,1.6580046,-0.9599724
Gesamt_3Arm,3251.977521458334,-0.12602329,1.5271245,-0.8049357
device,3251.984365458334,0.50541365,1.6576165,-0.955794
device,3251.994319958334,0.50536966,1.6572236,-0.9515728
device,3252.004524291667,0.50525,1.6568204,-0.9472236
Gesamt_3Arm,3252.009399041667,-0.12612545,1.5270218,-0.8038856
device,3252.014410583334,0.50505614,1.6564283,-0.94295627
device,3252.0243232916673,0.504786,1.6560342,-0.9386266
device,3252.034500375001,0.50443435,1.6556352,-0.93420714
Gesamt_3Arm,3252.037321375001,-0.12623203,1.5269243,-0.80287766
device,3252.0443920000007,0.5040264,1.655229,-0.9297707
device,3252.0543577500007,0.50369495,1.6547871,-0.92527574
device,3252.0644262916676,0.50328195,1.6543318,-0.9206972
Gesamt_3Arm,3252.0677922916675,-0.12528849,1.5268456,-0.80129194
device,3252.074304583334,0.5027895,1.65387,-0.91614115
device,3252.0842937500006,0.5022149,1.6533853,-0.9115268
device,3252.0944156250007,0.5015558,1.6528639,-0.9068254
Gesamt_3Arm,3252.0974994166672,-0.12616885,1.526544,-0.7992938
device,3252.1043472500005,0.50083876,1.6523111,-0.90218437
device,3252.114327583334,0.5000565,1.6517081,-0.8975069
device,3252.1243972500006,0.49921823,1.651057,-0.89277244
device,3252.1346722500007,0.49834228,1.6503791,-0.88799465
Gesamt_3Arm,3252.135217166667,-0.12591124,1.5266064,-0.7993089
device,3252.1442873750007,0.49743342,1.6496859,-0.88335943
device,3252.154420125001,0.4964372,1.6489434,-0.8785882
Gesamt_3Arm,3252.1575489166676,-0.1266979,1.5263551,-0.79744065
device,3252.1643400416674,0.4953851,1.6481854,-0.87386054
device,3252.1742505416673,0.49426955,1.6474034,-0.869127
device,3252.1843717500005,0.493075,1.6465923,-0.86433595
Gesamt_3Arm,3252.1879062916673,-0.12548864,1.5263089,-0.7959861
device,3252.194310708334,0.49182355,1.6457812,-0.8595687
device,3252.204316583334,0.49050713,1.644977,-0.8547842
device,3252.2143188750006,0.48912454,1.6442095,-0.8500006
Gesamt_3Arm,3252.2171910000006,-0.124148965,1.5261852,-0.79469585
device,3252.224319250001,0.4876883,1.6434877,-0.84518194
device,3252.2342459166675,0.48628035,1.6428375,-0.8403562
device,3252.2444018750007,0.4847864,1.6423197,-0.83546174
Gesamt_3Arm,3252.247928208334,-0.12392402,1.5262384,-0.7947097
device,3252.254287625001,0.4832517,1.642045,-0.83066726
device,3252.2643088750006,0.48161376,1.6420789,-0.8258309
device,3252.274278958334,0.47986877,1.642442,-0.8209857
Gesamt_3Arm,3252.277359458334,-0.12350178,1.5261841,-0.792323
device,3252.284357458334,0.478029,1.6430615,-0.81612295
device,3252.2942921250005,0.4761718,1.6438042,-0.81133115
device,3252.3043533750006,0.4742996,1.6445934,-0.8064944
Gesamt_3Arm,3252.3118028333342,-0.12323105,1.5263941,-0.7912377
device,3252.314259500001,0.47247183,1.6453769,-0.80173576
device,3252.3242368750007,0.47068,1.646075,-0.79701704
device,3252.334328541667,0.46893686,1.6466469,-0.7923522
Gesamt_3Arm,3252.3374702083343,-0.12331474,1.5266194,-0.78906953
device,3252.3442893750007,0.46728134,1.6470748,-0.78782237
device,3252.3542252500006,0.465698,1.6473907,-0.7833799
device,3252.3644385000007,0.46414733,1.6476476,-0.77894473
Gesamt_3Arm,3252.3678719166674,-0.123924255,1.5266545,-0.78792113
device,3252.374276166667,0.46266228,1.6478896,-0.77468675
device,3252.384300083334,0.46116745,1.6481578,-0.7704336
device,3252.3943493750007,0.4596808,1.6484518,-0.7662424
Gesamt_3Arm,3252.397199208334,-0.12350285,1.5271219,-0.7856302
device,3252.404274833334,0.4582212,1.6487443,-0.76207334
device,3252.4142295416673,0.4568436,1.6489636,-0.7578342
device,3252.4243228750006,0.4555037,1.6491505,-0.75358385
Gesamt_3Arm,3252.427974458334,-0.12330246,1.5272824,-0.7844174
device,3252.4342507500005,0.45422506,1.6493077,-0.7494073
device,3252.444256625001,0.452985,1.6494461,-0.7452299
device,3252.454411208334,0.45177007,1.6495825,-0.74101585
Gesamt_3Arm,3252.457473125001,-0.12314272,1.5274315,-0.7821787
device,3252.4643175416672,0.45061365,1.6497239,-0.73687625
device,3252.474235083334,0.4494927,1.6498804,-0.73273444
device,3252.484436583334,0.44838202,1.6500821,-0.72848934
Gesamt_3Arm,3252.4922246666674,-0.122998476,1.5275245,-0.780969
device,3252.494234083334,0.44733405,1.6503016,-0.724347
device,3252.5042417916675,0.4463016,1.6505473,-0.7201534
device,3252.514369125001,0.44528854,1.6508238,-0.71594024
Gesamt_3Arm,3252.5174697500006,-0.123473525,1.5278331,-0.77886343
device,3252.5242737500007,0.44431102,1.651121,-0.7118024
device,3252.5342501250007,0.44334686,1.6514406,-0.7076715
device,3252.544470250001,0.4423775,1.6517829,-0.7034986
Gesamt_3Arm,3252.5479581666673,-0.122786045,1.5280288,-0.7776724
device,3252.5543405000008,0.44143856,1.652126,-0.6994387
device,3252.564276458334,0.44050837,1.6524657,-0.69540423
device,3252.574389833334,0.4395734,1.6528016,-0.6913418
Gesamt_3Arm,3252.577285333334,-0.123031974,1.5281768,-0.7756808
device,3252.5842622916675,0.43866336,1.6531036,-0.68734354
device,3252.5942378750005,0.43778777,1.6533552,-0.68334436
device,3252.6044072916675,0.43689647,1.653593,-0.6793141
Gesamt_3Arm,3252.6080349166673,-0.122813106,1.5281886,-0.77452654
device,3252.614472583334,0.43599296,1.6538138,-0.67529595
device,3252.6242048750005,0.43508565,1.6540207,-0.6713343
device,3252.634291583334,0.43414402,1.6542165,-0.6673091
Gesamt_3Arm,3252.637472583334,-0.12409401,1.5280178,-0.7724759
device,3252.644241125001,0.43318763,1.6543963,-0.6633007
device,3252.6542408750006,0.4322118,1.6545566,-0.659283
device,3252.664239916667,0.43121135,1.6546968,-0.6552308
Gesamt_3Arm,3252.672388333334,-0.1239481,1.528049,-0.7711562
device,3252.674202708334,0.43019068,1.6548204,-0.6511571
device,3252.6842421250008,0.42914492,1.6549184,-0.6470484
device,3252.694564375001,0.42806894,1.6549939,-0.64289016
Gesamt_3Arm,3252.6977172500006,-0.12386501,1.5280552,-0.76870894
device,3252.704355833334,0.42698205,1.6550457,-0.6387509
device,3252.7142336666675,0.42588586,1.6550796,-0.6346521
device,3252.724391375001,0.4247394,1.6550934,-0.63044167
Gesamt_3Arm,3252.729436083334,-0.12375939,1.5280894,-0.7673624
device,3252.734276583334,0.42359036,1.655086,-0.62628824
device,3252.744249958334,0.42241955,1.655055,-0.6221137
device,3252.754294375001,0.42122054,1.6550014,-0.6178832
Gesamt_3Arm,3252.7572761250008,-0.12420249,1.5280707,-0.7650492
device,3252.764263083334,0.4200214,1.6549287,-0.6136728
device,3252.7742137916675,0.41880238,1.6548418,-0.6094429
device,3252.784265916667,0.4175607,1.6547441,-0.60518086
Gesamt_3Arm,3252.788001458334,-0.12413478,1.5281087,-0.7637456
device,3252.7942364166674,0.4163134,1.6546369,-0.60093725
device,3252.804188208334,0.4150522,1.6545178,-0.5966917
device,3252.814771791667,0.413739,1.65438,-0.59229904
Gesamt_3Arm,3252.817667375001,-0.124213934,1.5281073,-0.7614081
device,3252.8242243750005,0.41249096,1.654233,-0.5881461
device,3252.834398416667,0.41117978,1.6540622,-0.5838049
device,3252.844531958334,0.4098596,1.6538743,-0.5794663
Gesamt_3Arm,3252.853186083334,-0.12476337,1.5280746,-0.76028425
device,3252.8541595000006,0.40855864,1.6536783,-0.57524556
device,3252.8641704583342,0.40721977,1.6534529,-0.5708883
device,3252.8742490416676,0.40588242,1.6532018,-0.5665133
Gesamt_3Arm,3252.8774586666673,-0.12548316,1.528008,-0.75805366
device,3252.884225916667,0.4045658,1.6529264,-0.56216806
device,3252.894180208334,0.40326297,1.652633,-0.55783165
device,3252.9045074166675,0.4019419,1.6523222,-0.5533859
Gesamt_3Arm,3252.9083307916676,-0.12611043,1.5279855,-0.7568945
device,3252.9142003750007,0.40068603,1.6520221,-0.5491174
device,3252.9241727500007,0.39942542,1.6517174,-0.54477775
device,3252.934233583334,0.39816296,1.6514095,-0.5403916
Gesamt_3Arm,3252.9372048750006,-0.12694716,1.5279713,-0.75453913
device,3252.9441858750006,0.39689445,1.6510751,-0.5360406
device,3252.954170208334,0.39564097,1.6507666,-0.5316657
device,3252.964194083334,0.3943962,1.6504943,-0.527257
Gesamt_3Arm,3252.968032500001,-0.1274929,1.5279744,-0.75326777
device,3252.974192333334,0.39315736,1.6502721,-0.52282447
device,3252.9843101666675,0.3919118,1.650099,-0.51832825
device,3252.994553833334,0.3906628,1.6499767,-0.513792
device,3253.004174458334,0.38944715,1.6499009,-0.50933754
Gesamt_3Arm,3253.006213875001,-0.12833929,1.5279355,-0.7507155
device,3253.0141302500006,0.38820732,1.6498618,-0.50476944
device,3253.024216083334,0.38695282,1.6498598,-0.5001011
Gesamt_3Arm,3253.0330436250006,-0.12871706,1.5279628,-0.7494044
device,3253.034114833334,0.38573003,1.6498913,-0.49545807
device,3253.0441255000005,0.3844911,1.6499445,-0.49072573
device,3253.054194958334,0.38324845,1.6500076,-0.485938
Gesamt_3Arm,3253.057312083334,-0.12923348,1.5279197,-0.74670064
device,3253.0641812500007,0.38202074,1.6500702,-0.48114365
device,3253.074164750001,0.38079572,1.6501249,-0.47630554
device,3253.0841869166675,0.37956917,1.6501693,-0.47141618
Gesamt_3Arm,3253.089655083334,-0.12930048,1.5279388,-0.74519116
device,3253.0942076250008,0.37834588,1.6502018,-0.46651453
device,3253.104441291667,0.37710094,1.6502264,-0.4615329
device,3253.114215875001,0.3758681,1.6502532,-0.45663232
Gesamt_3Arm,3253.117043958334,-0.13015258,1.5277956,-0.7425833
device,3253.1241530416673,0.37458313,1.6502889,-0.45163476
device,3253.134168458334,0.37320018,1.6503259,-0.44651473
device,3253.1441793333343,0.3717898,1.6503776,-0.44137102
Gesamt_3Arm,3253.1486035000007,-0.13022482,1.5277796,-0.74102294
device,3253.154149000001,0.37036684,1.6504338,-0.43624607
device,3253.164125958334,0.36892462,1.650501,-0.43110406
device,3253.1743028750006,0.36744094,1.6506274,-0.4259015
Gesamt_3Arm,3253.1776003750006,-0.13138378,1.5276012,-0.73847824
device,3253.1841720000007,0.3659352,1.650875,-0.4207878
device,3253.194201791667,0.3643607,1.6512783,-0.41567606
device,3253.204155416667,0.36271918,1.6518255,-0.4105721
Gesamt_3Arm,3253.2125266666676,-0.13168216,1.5276835,-0.7368572
device,3253.214127750001,0.36103895,1.6524596,-0.40549254
device,3253.224324500001,0.35931075,1.653167,-0.40034908
device,3253.2343987500008,0.35756695,1.6539242,-0.39522982
Gesamt_3Arm,3253.237810208334,-0.13316154,1.5279174,-0.7343329
device,3253.2443605000008,0.35581642,1.6547352,-0.39018703
device,3253.2543378750006,0.35401812,1.6556296,-0.3851441
device,3253.264460208334,0.35216618,1.6566112,-0.3801105
Gesamt_3Arm,3253.2699350416674,-0.13374126,1.5281391,-0.7329228
device,3253.2744323750007,0.35027742,1.6576582,-0.3751272
device,3253.2844477500007,0.34834853,1.6587508,-0.370173
device,3253.2942497916674,0.34641623,1.6598437,-0.36532778
Gesamt_3Arm,3253.2969294166674,-0.13492048,1.5284681,-0.7304253
device,3253.304124208334,0.34444284,1.6609343,-0.36048153
device,3253.314155000001,0.34241736,1.6619942,-0.3556174
device,3253.3241630000007,0.34037638,1.6629946,-0.35079014
Gesamt_3Arm,3253.328013666667,-0.13554156,1.5286262,-0.72912484
device,3253.3341658750005,0.3383249,1.6639206,-0.3459934
device,3253.3441723750007,0.33627036,1.6647576,-0.34123152
device,3253.354656708334,0.33413115,1.6655314,-0.3363223
Gesamt_3Arm,3253.3576013750007,-0.13656008,1.5288161,-0.7267379
device,3253.3641974583343,0.33216178,1.6661686,-0.33186203
device,3253.3741422916673,0.3301139,1.6667687,-0.327308
device,3253.3842072916673,0.3280251,1.6673254,-0.32277906
device,3253.3941462916673,0.32590806,1.6678027,-0.3183381
Gesamt_3Arm,3253.4012893750005,-0.13719225,1.5289369,-0.7255689
device,3253.4041051666673,0.323776,1.6682445,-0.31398186
device,3253.414438958334,0.32157004,1.6686649,-0.30958623
Gesamt_3Arm,3253.4177864166672,-0.13835871,1.5291215,-0.7234747
device,3253.424141291667,0.3194765,1.669029,-0.30550927
device,3253.434097333334,0.31733587,1.6693732,-0.30143788
device,3253.444257208334,0.31517565,1.669696,-0.29741955
Gesamt_3Arm,3253.449833708334,-0.1389972,1.5291913,-0.7224159
device,3253.4542640833342,0.31302,1.6699954,-0.2934973
device,3253.4641432916674,0.31092384,1.6702672,-0.28975964
device,3253.474618500001,0.30871582,1.6705313,-0.28588194
Gesamt_3Arm,3253.4770528333343,-0.1405071,1.5292565,-0.7208152
device,3253.4841388750006,0.30673254,1.6707505,-0.28243408
device,3253.494114958334,0.3046693,1.6709679,-0.2789182
device,3253.5042087500005,0.30260587,1.6711739,-0.27547592
Gesamt_3Arm,3253.5081092916676,-0.14077961,1.5294045,-0.7195425
device,3253.5143402500007,0.30055356,1.671372,-0.2721175
device,3253.5240650000005,0.29855663,1.671559,-0.26891655
device,3253.5343251666673,0.2965176,1.6717496,-0.26571283
Gesamt_3Arm,3253.5379701666675,-0.14233613,1.5295193,-0.71813095
device,3253.5440766666675,0.29455662,1.6719317,-0.26269892
device,3253.5540998750007,0.29257515,1.6721121,-0.25971946
device,3253.564118833334,0.2905991,1.6722916,-0.25679967
Gesamt_3Arm,3253.5723844166673,-0.14347935,1.5296456,-0.7173513
device,3253.574020041667,0.28865913,1.6724902,-0.25395626
device,3253.584059208334,0.28670242,1.6726826,-0.2511612
device,3253.594262583334,0.28475416,1.6728668,-0.24845573
Gesamt_3Arm,3253.5973114166673,-0.1446693,1.5298288,-0.71545625
device,3253.6040955416674,0.2828045,1.6730398,-0.24582061
device,3253.6140625000007,0.28087008,1.6731975,-0.24327639
device,3253.6242060416675,0.2789085,1.6733447,-0.24077019
Gesamt_3Arm,3253.6276156250005,-0.14569652,1.5299205,-0.71464586
device,3253.6340557500007,0.2769823,1.673479,-0.23838675
device,3253.644110208334,0.275028,1.6736053,-0.23604718
device,3253.654091375001,0.2730679,1.6737098,-0.2337771
Gesamt_3Arm,3253.656966208334,-0.14757454,1.5299336,-0.7135539
device,3253.664115458334,0.27110317,1.6737505,-0.23155048
device,3253.6742690000005,0.26913166,1.6737713,-0.22938171
device,3253.684098750001,0.26718795,1.6737707,-0.22731423
Gesamt_3Arm,3253.687682583334,-0.14833784,1.5300226,-0.71257955
device,3253.6940512083343,0.26523378,1.673752,-0.22530866
device,3253.704024875001,0.263276,1.6737193,-0.22337678
device,3253.714502333334,0.26129282,1.6736743,-0.22150305
Gesamt_3Arm,3253.717486166667,-0.14996731,1.5299898,-0.71139157
device,3253.724094500001,0.25933218,1.6736261,-0.2197344
device,3253.734075375001,0.25736153,1.673575,-0.21804234
device,3253.7441027916675,0.25536382,1.6735357,-0.21639997
Gesamt_3Arm,3253.7517511666674,-0.15064359,1.5301005,-0.71059024
device,3253.754023458334,0.25337148,1.6735198,-0.21481395
device,3253.764102958334,0.25133935,1.6735122,-0.21328491
device,3253.774038458334,0.2493043,1.673509,-0.21183828
Gesamt_3Arm,3253.777389208334,-0.15208459,1.5300877,-0.70951164
device,3253.784055458334,0.2472488,1.6735014,-0.21045727
device,3253.794006958334,0.24519199,1.6734834,-0.20914891
device,3253.8040983750006,0.24311507,1.6734473,-0.20789623
Gesamt_3Arm,3253.8077216666675,-0.15282702,1.5301635,-0.70886284
device,3253.814156958334,0.24104953,1.6733984,-0.20671836
device,3253.824016833334,0.23899043,1.6733396,-0.2056118
device,3253.8340401250007,0.23693192,1.673256,-0.20454621
Gesamt_3Arm,3253.8369721250006,-0.15408754,1.5301712,-0.70790213
device,3253.8440205416673,0.23487285,1.6731616,-0.2035507
device,3253.854021333334,0.2328153,1.6730543,-0.2026271
device,3253.8641436666676,0.23074436,1.672932,-0.20177144
Gesamt_3Arm,3253.867297583334,-0.15466118,1.5302907,-0.7072794
device,3253.8742920416676,0.22868645,1.6727997,-0.20099902
device,3253.883979583334,0.22667903,1.672667,-0.20032233
device,3253.8940659166674,0.22463864,1.6725322,-0.199718
Gesamt_3Arm,3253.9003598750005,-0.155702,1.5303283,-0.70654744
device,3253.904028000001,0.22261596,1.6724048,-0.1992087
device,3253.9140601250006,0.22059178,1.6722829,-0.19878772
device,3253.9241962083343,0.21857321,1.672157,-0.19845065
device,3253.9340133750006,0.21663308,1.6719664,-0.19810313
Gesamt_3Arm,3253.934349083334,-0.1555711,1.5303524,-0.7057402
device,3253.9442405416676,0.21467996,1.6717432,-0.19781843
device,3253.9543474583343,0.21274847,1.6714965,-0.19762081
Gesamt_3Arm,3253.957580458334,-0.15652871,1.5301881,-0.7046832
device,3253.9643185416676,0.21086663,1.6712267,-0.19750735
device,3253.9742104166676,0.20900166,1.670933,-0.19746935
device,3253.9845621250006,0.20709085,1.6706047,-0.19751033
Gesamt_3Arm,3253.9888132083342,-0.15734744,1.5299712,-0.7036624
device,3253.994303125001,0.205284,1.670267,-0.19762766
device,3254.0042695416673,0.2034595,1.6699051,-0.19783112
device,3254.014692083334,0.20159748,1.6695144,-0.19812998
Gesamt_3Arm,3254.017579375001,-0.15813887,1.5297409,-0.702832
device,3254.0242377916675,0.19986224,1.6691375,-0.19848806
device,3254.0342285416673,0.19810218,1.6687465,-0.19892213
device,3254.0442401250007,0.19636124,1.6683383,-0.1994355
Gesamt_3Arm,3254.0507672916674,-0.15800714,1.5297623,-0.70210594
device,3254.054180041667,0.19465637,1.6679244,-0.20002732
device,3254.0642302500005,0.19296408,1.6675231,-0.20069933
device,3254.0739869166673,0.19132116,1.6671816,-0.20143482
Gesamt_3Arm,3254.077149916667,-0.15874243,1.5294312,-0.7013369
device,3254.083999083334,0.1896627,1.666921,-0.20226353
device,3254.0940270416672,0.18801332,1.6667656,-0.20316783
device,3254.1040300833342,0.18634799,1.6667075,-0.20414546
Gesamt_3Arm,3254.1119819166674,-0.15966427,1.5289907,-0.7009917
device,3254.113958958334,0.18467426,1.6667256,-0.20514831
device,3254.1239435416674,0.18301034,1.666761,-0.20619261
device,3254.1339970416675,0.1813798,1.6667775,-0.20725462
Gesamt_3Arm,3254.1370468750006,-0.1606921,1.5286555,-0.7007238
device,3254.144132833334,0.17979446,1.66676,-0.20831561
device,3254.154202458334,0.17825365,1.6667206,-0.20936644
device,3254.164453208334,0.17673188,1.6666793,-0.21042103
Gesamt_3Arm,3254.170887583334,-0.16068888,1.5285945,-0.7003726
device,3254.1743271250007,0.17528558,1.6666504,-0.21143273
device,3254.1842007916675,0.17388487,1.6666255,-0.2124184
device,3254.1945370000008,0.17245954,1.6665863,-0.21342167
Gesamt_3Arm,3254.197534458334,-0.16226661,1.5283154,-0.7001792
device,3254.204335083334,0.17115036,1.6665288,-0.21434036
device,3254.2142674583342,0.16984046,1.666443,-0.21524587
device,3254.223990583334,0.16853738,1.6663153,-0.21608227
Gesamt_3Arm,3254.2273640000008,-0.16281176,1.5282494,-0.69992864
device,3254.233980958334,0.16726899,1.6661785,-0.21689099
device,3254.243949625001,0.16605157,1.6660395,-0.21766743
device,3254.2542462500005,0.1648424,1.6658974,-0.21843219
Gesamt_3Arm,3254.257223833334,-0.1638757,1.5281909,-0.69966614
device,3254.264088250001,0.16372949,1.6657653,-0.21912721
device,3254.2742636666676,0.16262054,1.6656328,-0.21979946
device,3254.2842157916675,0.1615533,1.6654999,-0.22039375
device,3254.294310083334,0.16050532,1.6653886,-0.22095275
Gesamt_3Arm,3254.294939708334,-0.16454124,1.5280788,-0.69942045
device,3254.3041281250007,0.15947676,1.665319,-0.22147295
device,3254.3141365000006,0.15847626,1.6653022,-0.22195214
Gesamt_3Arm,3254.317096375001,-0.1659143,1.5279403,-0.69921273
device,3254.3240877500007,0.1574893,1.6653352,-0.22239354
device,3254.3341856666675,0.1565162,1.6654019,-0.22279355
device,3254.3442930416672,0.15556347,1.6654924,-0.22314048
Gesamt_3Arm,3254.3481400000005,-0.16664279,1.5278814,-0.6989597
device,3254.353986583334,0.15465403,1.6656026,-0.22342455
device,3254.364400833334,0.1537342,1.6657488,-0.22366273
device,3254.3740079166673,0.15286925,1.6659197,-0.22383264
Gesamt_3Arm,3254.377063083334,-0.1680466,1.5279528,-0.6986434
device,3254.3839841666672,0.15200573,1.6661139,-0.22392493
device,3254.3940622916675,0.15115476,1.6663314,-0.22396806
device,3254.4041429166673,0.15031564,1.6665596,-0.22396275
Gesamt_3Arm,3254.407847416667,-0.16897643,1.5279531,-0.6986482
device,3254.414246958334,0.14949214,1.6667845,-0.22390446
device,3254.4241711250006,0.14868894,1.6669985,-0.22379303
device,3254.4342057916674,0.14788976,1.6672003,-0.22362426
Gesamt_3Arm,3254.437975333334,-0.17046511,1.5280149,-0.6983702
device,3254.4442204166676,0.14711204,1.6673875,-0.22340006
device,3254.454152958334,0.14633274,1.6675677,-0.22311553
device,3254.464833000001,0.1455231,1.667747,-0.22275403
device,3254.474215916667,0.14481592,1.6678917,-0.2223815
Gesamt_3Arm,3254.4828609166675,-0.17121017,1.5279287,-0.69812655
device,3254.4842201666675,0.14407623,1.6680229,-0.22192872
device,3254.4942534166676,0.14333224,1.668131,-0.22138306
Gesamt_3Arm,3254.498235000001,-0.17269671,1.527808,-0.69792646
device,3254.504224833334,0.14259881,1.6682019,-0.22068095
device,3254.514353208334,0.14186597,1.6682645,-0.21991867
device,3254.5243795416673,0.14114386,1.6683176,-0.21910396
Gesamt_3Arm,3254.5279180000007,-0.17344141,1.527706,-0.6977275
device,3254.5342382500007,0.14044622,1.668351,-0.21823847
device,3254.544181500001,0.13977587,1.66837,-0.21731636
device,3254.554390833334,0.13913184,1.6683853,-0.21632919
Gesamt_3Arm,3254.5576296250006,-0.17492032,1.5275964,-0.6976361
device,3254.564292583334,0.13851714,1.668435,-0.21528962
device,3254.5741976666673,0.13791907,1.6685395,-0.21420214
device,3254.584233458334,0.13733685,1.668709,-0.21308616
Gesamt_3Arm,3254.587701458334,-0.17567325,1.527511,-0.69750756
device,3254.5942294166675,0.13678432,1.6689126,-0.21195486
device,3254.604184083334,0.13625598,1.6691337,-0.21077994
device,3254.614476916667,0.13572347,1.6694044,-0.20952848
Gesamt_3Arm,3254.617694875001,-0.17701578,1.5274245,-0.6970105
device,3254.624713458334,0.13518909,1.669765,-0.20825854
device,3254.634193333334,0.13468945,1.6701819,-0.20707339
device,3254.6442896250005,0.1341654,1.6706613,-0.20582399
device,3254.654267708334,0.1336427,1.6711352,-0.20455378
Gesamt_3Arm,3254.6554022916675,-0.17773378,1.5273563,-0.6967993
device,3254.664200208334,0.13312548,1.671584,-0.20324647
device,3254.6743477916675,0.13259771,1.6719856,-0.2018986
Gesamt_3Arm,3254.6776103750008,-0.17967606,1.5271316,-0.6974844
device,3254.6841279166674,0.13207558,1.6723367,-0.20056763
device,3254.694125125001,0.13154593,1.6726642,-0.19923899
device,3254.7047386250006,0.13098565,1.6729887,-0.19786379
Gesamt_3Arm,3254.709941583334,-0.17975163,1.527153,-0.6963951
device,3254.7188652916675,0.13022688,1.6733676,-0.19604126
device,3254.7249486250007,0.1299062,1.6734985,-0.19528255
device,3254.738779208334,0.12918139,1.6737266,-0.19359025
Gesamt_3Arm,3254.7392732500007,-0.18123329,1.5268761,-0.6969448
device,3254.743714333334,0.12891757,1.6737876,-0.19298422
device,3254.7536959166673,0.12841392,1.6738781,-0.19175601
device,3254.764011458334,0.127895,1.6739372,-0.19049022
Gesamt_3Arm,3254.7682921250007,-0.18159592,1.5267793,-0.6966169
device,3254.7737599166676,0.12739778,1.6739675,-0.18931612
device,3254.7838111666674,0.12688267,1.6739738,-0.1881316
device,3254.794259791667,0.12634814,1.6739537,-0.18692371
Gesamt_3Arm,3254.7974777916675,-0.1821593,1.5267379,-0.6960355
device,3254.8039587500007,0.12585154,1.6739169,-0.1858145
device,3254.814090375001,0.12533545,1.6738669,-0.18466699
device,3254.8237061250006,0.124852926,1.6738094,-0.18359241
device,3254.833882083334,0.12430793,1.6737583,-0.18247917
Gesamt_3Arm,3254.8371025416673,-0.181957,1.5266988,-0.69575214
device,3254.844054875001,0.12376729,1.6737069,-0.18137792
device,3254.853799958334,0.12326592,1.673661,-0.18033847
Gesamt_3Arm,3254.857389833334,-0.18307221,1.5265812,-0.69653237
device,3254.863723291667,0.122767925,1.673626,-0.17928976
device,3254.8737770416674,0.12227827,1.6736076,-0.17824274
device,3254.884827833334,0.121759206,1.6736078,-0.17711431
Gesamt_3Arm,3254.888326625001,-0.18306553,1.5267222,-0.695529
device,3254.8939102500008,0.12134564,1.6736226,-0.17620271
device,3254.904371833334,0.12088865,1.6736429,-0.17517427
device,3254.9147480000006,0.12043899,1.6736696,-0.1741525
Gesamt_3Arm,3254.9186425000007,-0.18383706,1.526581,-0.6960115
device,3254.923640333334,0.120061696,1.6737044,-0.17329535
device,3254.933269875001,0.119656086,1.6737341,-0.17236185
device,3254.943658750001,0.119241,1.6737547,-0.17139426
Gesamt_3Arm,3254.948118083334,-0.18366563,1.5265484,-0.6957712
device,3254.953743833334,0.1188401,1.6737612,-0.17044243
device,3254.9633831666674,0.11846256,1.6737595,-0.16953921
device,3254.9737771250007,0.11806953,1.6737486,-0.16859624
Gesamt_3Arm,3254.9779952916674,-0.1837982,1.5264918,-0.6952755
device,3254.9838551666676,0.11768651,1.6737299,-0.16768351
device,3254.9949125000007,0.1172601,1.6737037,-0.16668007
device,3255.0034580416673,0.11693707,1.6736836,-0.16592997
device,3255.013753083334,0.11655027,1.6736579,-0.16504532
Gesamt_3Arm,3255.0168641666673,-0.18371129,1.5264027,-0.6951194
device,3255.0236032916673,0.11616889,1.673628,-0.16419047
device,3255.033828875001,0.11574346,1.6735884,-0.16329458
Gesamt_3Arm,3255.037671166667,-0.1846739,1.5261842,-0.69595015
device,3255.043500916667,0.115338504,1.6735501,-0.16246158
device,3255.053630375001,0.11491394,1.6735091,-0.1616031
device,3255.064028208334,0.11448479,1.6734678,-0.16074759
Gesamt_3Arm,3255.067495333334,-0.18459404,1.5261023,-0.6958054
device,3255.073711000001,0.11407888,1.6734276,-0.15995073
device,3255.083711791667,0.11367273,1.6733868,-0.15916571
device,3255.093601583334,0.113262236,1.6733443,-0.15840128
Gesamt_3Arm,3255.0973780416675,-0.1850828,1.5260409,-0.69577783
device,3255.1037261666675,0.11283606,1.6732954,-0.15766683
device,3255.113655958334,0.112413704,1.6732479,-0.15695608
device,3255.1235863750007,0.11199689,1.6732016,-0.15627235
Gesamt_3Arm,3255.127599083334,-0.185009,1.525966,-0.6956432
device,3255.1335452916674,0.11157936,1.6731495,-0.15560052
device,3255.1436601666674,0.11115646,1.6730903,-0.15493476
device,3255.155042250001,0.11068249,1.6730194,-0.1542067
Gesamt_3Arm,3255.1573448750005,-0.18493819,1.5258944,-0.695514
device,3255.1637525000006,0.110320926,1.6729646,-0.15366557
device,3255.174710375001,0.10985556,1.672897,-0.15299088
device,3255.184362333334,0.10946417,1.6728419,-0.15244016
device,3255.193661500001,0.10907251,1.67279,-0.15190747
Gesamt_3Arm,3255.1944269166675,-0.18480778,1.5258337,-0.6953851
device,3255.2039056250005,0.10863596,1.672741,-0.15134242
device,3255.2135207083343,0.10822761,1.6726935,-0.15083164
Gesamt_3Arm,3255.217418875001,-0.1843555,1.5259866,-0.69361293
device,3255.2235421666674,0.1077967,1.6726462,-0.15031594
device,3255.233509083334,0.10736847,1.6726027,-0.14982647
device,3255.243949625001,0.10691705,1.6725627,-0.1493383
Gesamt_3Arm,3255.247792583334,-0.18423617,1.5259315,-0.69349456
device,3255.253662750001,0.10649437,1.6725285,-0.14890641
device,3255.263892125001,0.10604346,1.6724911,-0.14847174
device,3255.273841625001,0.10559872,1.6724466,-0.1480661
Gesamt_3Arm,3255.2799469166675,-0.18412137,1.5258789,-0.693381
device,3255.2832899166674,0.10516775,1.6723998,-0.14769611
device,3255.2939717500008,0.10467929,1.6723381,-0.14730307
device,3255.304106333334,0.10419971,1.672271,-0.14695546
Gesamt_3Arm,3255.307988708334,-0.18401182,1.5258286,-0.69327265
device,3255.3140130416673,0.10371518,1.6722016,-0.14663333
device,3255.324028833334,0.10321987,1.6721306,-0.14632905
device,3255.334206291667,0.10271537,1.672052,-0.14604184
Gesamt_3Arm,3255.337453583334,-0.18531477,1.5255083,-0.6956198
device,3255.344094958334,0.10221675,1.6719683,-0.14577857
device,3255.354078125001,0.10171497,1.671885,-0.14553332
device,3255.364332583334,0.10121238,1.6718037,-0.14530778
device,3255.374117250001,0.10070804,1.6717273,-0.14509776
Gesamt_3Arm,3255.374606375001,-0.18530083,1.5254703,-0.69554347
device,3255.3840421250006,0.10021508,1.6716573,-0.14489523
device,3255.394031625001,0.0997192,1.6715934,-0.14470446
Gesamt_3Arm,3255.3976950000006,-0.1842463,1.525685,-0.69374955
device,3255.407161208334,0.099059105,1.6715192,-0.14446256
device,3255.414762833334,0.09868348,1.6714823,-0.14432979
device,3255.425387208334,0.09816384,1.6714387,-0.14414695
Gesamt_3Arm,3255.427247458334,-0.18423176,1.5256507,-0.6936762
device,3255.4342166666675,0.09773582,1.6714082,-0.1439977
device,3255.4448917916675,0.097227216,1.6713775,-0.14381987
device,3255.455191833334,0.09675288,1.6713521,-0.14364946
Gesamt_3Arm,3255.457562083334,-0.18401742,1.5256093,-0.6937011
device,3255.465434500001,0.096297145,1.6713228,-0.14348286
device,3255.4750136666676,0.09588206,1.6712755,-0.14334187
device,3255.4848390000006,0.095482826,1.6712224,-0.14319935
Gesamt_3Arm,3255.489605458334,-0.18400455,1.5255778,-0.6936351
device,3255.4945960833343,0.09510517,1.6711699,-0.14305216
device,3255.505262875001,0.094715595,1.6711159,-0.14288858
device,3255.517769958334,0.094279945,1.6710588,-0.14269248
Gesamt_3Arm,3255.521592041667,-0.18399298,1.5255475,-0.6935726
device,3255.524244208334,0.09406507,1.6710325,-0.14259183
device,3255.537027541667,0.09366113,1.6709876,-0.1423952
device,3255.547463250001,0.093346,1.6709585,-0.14223763
Gesamt_3Arm,3255.5514495000007,-0.18489087,1.5252525,-0.69576913
device,3255.5547164166674,0.09313238,1.6709423,-0.1421322
device,3255.5654290000007,0.09284037,1.6709204,-0.1419611
device,3255.575058125001,0.09258425,1.6709,-0.14181471
Gesamt_3Arm,3255.5767301250007,-0.18502498,1.52522,-0.6958392
device,3255.5848181250008,0.09233028,1.6708816,-0.14167845
device,3255.5946504166673,0.09207943,1.6708592,-0.14155293
